year,municipality,party_win,name_winner,winner_gender,ppd_votes,ppd_per,pnp_votes,pnp_per,pip_votes,pip_per,mvc_votes,mvc_per,pd_votes,pd_per,psp_votes,psp_per,indies_votes,indies_per,write_in_votes,write_in_per,ppt_votes,ppt_per,mus_votes,mus_per,local_votes,local_per,total
2020,Adjuntas,ppd,José Hiram Soto Rivera,male,"4,263",50.1,"4,001",47,240,2.8,,,,,,,,,,,,,,,,,"8,698"
2020,Aguada,ppd,Christian Cortés,male,"10,362",58.4,"6,966",39.2,423,2.4,,,,,,,,,,,,,,,,,"18,045"
2020,Aguadilla,ppd,Julio Roldán Concepción,male,"8,863",46.8,"8,808",46.5,"1,018",5.4,,,,,,,238,1.3,,,,,,,,,"19,378"
2020,Aguas Buenas,pnp,Javier García Pérez,male,"1,200",2,"5,429",54.3,"1,150",11.5,,,,,,,"2,228",22.3,,,,,,,,,"10,276"
2020,Aibonito,pnp,William Alicea Pérez,male,"3,696",34.7,"6,447",60.5,521,4.9,,,,,,,,,,,,,,,,,"10,860"
2020,Añasco,pnp,Kabir Solares,male,"4,516",40,"6,168",54.6,192,1.7,411,3.6,,,,,8,0.1,,,,,,,,,"11,378"
2020,Arecibo,ppd,Carlos Ramirez Irizarry,male,"19,903",61.2,"10,951",33.7,"1,651",5.1,,,,,,,,,,,,,,,,,"33,665"
2020,Arroyo,ppd,Eric Bachier Román,male,"4,886",81,855,14.2,294,4.9,,,,,,,,,,,,,,,,,"7,373"
2020,Barceloneta,ppd,Wanda Soler Rosario,female,"7,935",75.1,"2,453",23.2,171,1.6,,,,,,,,,,,,,,,,,"10,677"
2020,Barranquitas,pnp,Elliot Colón Blanco,male,"6,318",48.3,"6,483",49.6,276,2.1,,,,,,,,,,,,,,,,,"13,143"
2020,Bayamón,pnp,Ramón Luis Rivera Cruz,male,"10,957",17,"50,301",78,"3,261",5.1,,,,,,,,,,,,,,,,,"66,500"
2020,Cabo Rojo,pnp,Jorge Morales Wiscovitch,male,"7,051",45.5,"7,265",46.8,"1,194",7.7,,,,,,,,,,,,,,,,,"16,007"
2020,Caguas,ppd,William Miranda Torres,male,"20,370",44.8,"18,778",41.3,"6,300",13.9,,,,,,,,,,,,,,,,,"47,342"
2020,Camuy,pnp,Gabriel Hernández,male,"6,057",39.9,"8,666",57.2,440,2.9,,,,,,,,,,,,,,,,,"15,340"
2020,Canóvanas,pnp,Lornna Soto Villanueva,female,"6,337",43.8,"7,312",50.5,830,5.7,,,,,,,,,,,,,,,,,"14,950"
2020,Carolina,ppd,José Carlos Aponte Dalmau,male,"34,679",67.7,"12,800",25,"3,764",7.3,,,,,,,,,,,,,,,,,"53,835"
2020,Cataño,pnp,Felix Delgado,male,"1,904",18.8,"7,847",77.5,373,3.7,,,,,,,,,,,,,,,,,"10,336"
2020,Cayey,ppd,Rolando Ortiz Velázquez,male,"12,397",78.4,"2,523",16,897,5.7,,,,,,,,,,,,,,,,,"16,338"
2020,Ceiba,pnp,Samuel Rivera Báez,male,"1,505",30.7,"3,243",66,162,3.3,,,,,,,,,,,,,,,,,"4,999"
2020,Ciales,pnp,Alexander Burgos Otero,male,"3,672",42.6,"4,221",49,207,2.4,,,,,,,512,5.9,,,,,,,,,"8,795"
2020,Cidra,ppd,David Concepción González,male,"8,611",56,"5,660",36.8,"1,116",7.3,,,,,,,,,,,,,,,,,"16,016"
2020,Coamo,ppd,Juan Carlos García Padilla,male,"8,653",64.2,"4,435",32.9,398,3,,,,,,,,,,,,,,,,,"13,752"
2020,Comerío,ppd,José Santiago Rivera,male,"4,517",57.2,"2,910",36.8,170,2.2,301,3.8,,,,,,,,,,,,,,,"8,023"
2020,Corozal,pnp,Luis García,male,"5,971",38.6,"9,016",58.3,475,3.1,,,,,,,,,,,,,,,,,"15,613"
2020,Culebra,pnp,Edilberto Romero,male,558,48.3,570,49.3,28,2.4,,,,,,,,,,,,,,,,,"1,171"
2020,Dorado,ppd,Carlos López Rivera,male,"8,504",59.9,"5,156",36.3,532,3.7,,,,,,,,,,,,,,,,,"14,481"
2020,Fajardo,pnp,José Aníbal Meléndez Méndez,male,"1,706",19.7,"6,139",71,798,9.2,,,,,,,,,,,,,,,,,"9,813"
2020,Florida,pnp,José Gerena Polanco,male,"1,084",22.5,"3,447",71.6,284,5.9,,,,,,,,,,,,,,,,,"4,884"
2020,Guánica,ppd,Ismael Rodríguez Ramos,male,"2,384",49.6,"2,330",48.5,90,1.9,,,,,,,,,,,,,,,,,"7,360"
2020,Guayama,ppd,Eduardo Cintrón Suárez,male,"7,620",56.5,"5,228",38.8,641,4.8,,,,,,,,,,,,,,,,,"13,907"
2020,Guayanilla,pnp,Raúl Rivera Rodríguez,male,"3,375",39.8,"4,788",56.4,324,3.8,,,,,,,,,,,,,,,,,"8,610"
2020,Guaynabo,pnp,Angel Perez,male,"9,592",27.3,"21,806",62,"3,769",10.7,,,,,,,,,,,,,,,,,"36,903"
2020,Gurabo,pnp,Rosachely Rivera Santana,female,"3,313",21.6,"10,766",70.2,"1,249",8.1,,,,,,,,,,,,,,,,,"15,814"
2020,Hatillo,ppd,José Rodríguez Cruz,male,"9,461",66.6,"4,275",30.1,477,3.4,,,,,,,,,,,,,,,,,"14,404"
2020,Hormigueros,ppd,Pedro García Figueroa,male,"4,604",70.8,"1,553",23.9,345,5.3,,,,,,,,,,,,,,,,,"6,598"
2020,Humacao,pnp,Reinaldo Vargas Rodríguez,male,"8,575",44.9,"9,270",48.6,"1,241",6.5,,,,,,,,,,,,,,,,,"19,610"
2020,Isabela,ppd,Miguel Méndez Pérez,male,"11,334",64.6,"5,623",32.1,585,3.3,,,,,,,,,,,,,,,,,"18,049"
2020,Jayuya,ppd,Jorge González Otero,male,"3,883",51.7,"3,465",46.1,163,2.2,,,,,,,,,,,,,,,,,"7,556"
2020,Juana Díaz,ppd,Ramón Hernández Torres,male,"10,883",67.4,"4,252",26.3,"1,015",6.3,,,,,,,,,,,,,,,,,"16,380"
2020,Juncos,ppd,Alfredo Alejandro Carrión,male,"6,908",53,"5,319",40.8,817,6.3,,,,,,,,,,,,,,,,,"13,156"
2020,Lajas,pnp,Jayson Martínez,male,"3,872",43.8,"4,678",52.9,288,3.3,,,,,,,,,,,,,,,,,"8,936"
2020,Lares,ppd,Fabián Arroyo Rodríguez,male,"7,132",50.1,"6,667",46.9,424,3,,,,,,,,,,,,,,,,,"14,404"
2020,Las Marías,pnp,Edwin Soto Santiago,male,"2,488",43.8,"3,124",55,72,1.3,,,,,,,,,,,,,,,,,"5,717"
2020,Las Piedras,pnp,Miguel López Rivera,male,"3,978",29.7,"8,173",61,"1,246",9.3,,,,,,,,,,,,,,,,,"13,761"
2020,Loíza,ppd,Julia Nazario Fuentes,male,"6,536",72,"2,373",26.1,172,1.9,,,,,,,,,,,,,,,,,"9,257"
2020,Luquillo,ppd,Jesús Márquez Rodríguez,male,"3,347",53.1,"2,717",43.1,239,3.8,,,,,,,,,,,,,,,,,"6,371"
2020,Manatí,pnp,José Sánchez,male,"3,988",30.1,"8,536",64.4,731,5.5,,,,,,,,,,,,,,,,,"14,271"
2020,Maricao,ppd,Wilfredo Ruiz,male,"1,779",53.2,"1,550",46.4,15,0.4,,,,,,,,,,,,,,,,,"3,432"
2020,Maunabo,pnp,Ángel Omar Lafuente Amaro,male,"2,554",46.5,"2,762",50.3,176,3.2,,,,,,,,,,,,,,,,,"5,527"
2020,Mayagüez,ppd,José Guillermo Rodríguez Rodríguez,male,"11,570",46.3,"10,194",40.8,"3,211",12.9,,,,,,,,,,,,,,,,,"26,260"
2020,Moca,pnp,Ángel Pérez,male,"6,779",43.6,"8,342",53.6,434,2.8,,,,,,,,,,,,,,,,,"15,884"
2020,Morovis,ppd,Carmen Maldonado González,female,"8,679",66.2,"4,278",32.6,158,1.2,,,,,,,,,,,,,,,,,"13,202"
2020,Naguabo,ppd,Miraidaliz Rosario Pagán,female,"4,480",52.9,"3,644",43.1,339,4,,,,,,,,,,,,,,,,,"8,577"
2020,Naranjito,pnp,Orlando Ortiz Chevres,male,"5,968",43.1,"7,336",53,532,3.8,,,,,,,,,,,,,,,,,"14,056"
2020,Orocovis,pnp,Jesús Colón Berlingeri,male,"4,280",39.9,"6,142",57.3,293,2.7,,,,,,,,,,,,,,,,,"10,945"
2020,Patillas,pnp,Maritza Sánchez Neris,female,"3,264",45.4,"3,418",47.6,504,7,,,,,,,,,,,,,,,,,"7,272"
2020,Peñuelas,ppd,Gregory Gonsález Souchet,male,"5,377",55.8,"3,865",40.1,402,4.2,,,,,,,,,,,,,,,,,"9,762"
2020,Ponce,ppd,Luis Irizarry Pabón,male,"30,117",61.8,"13,099",26.9,"2,488",5.1,"3,053",6.3,,,,,,,,,,,,,,,"49,337"
2020,Quebradillas,ppd,Heriberto Vélez Vélez,male,"6,109",62.8,"3,136",32.2,484,5,,,,,,,,,,,,,,,,,"9,944"
2020,Rincón,ppd,Carlos López Bonilla,male,"3,174",52.5,"1,689",27.9,88,1.5,"1,099",18.2,,,,,,,,,,,,,,,"6,117"
2020,Río Grande,ppd,Ángel González Damudt,male,"11,216",70.5,"4,018",25.3,670,4.2,,,,,,,,,,,,,,,,,"16,549"
2020,Sabana Grande,ppd,Marcos Gilberto Valentín Flores,male,"5,215",55.5,"3,563",37.9,619,6.6,,,,,,,,,,,,,,,,,"9,509"
2020,Salinas,ppd,Karilyn Bonilla Colón,female,"6,521",65.3,"2,859",28.6,608,6.1,,,,,,,,,,,,,,,,,"10,088"
2020,San Germán,pnp,Virgilio Olivera Olivera,male,"5,173",41,"6,427",50.9,"1,019",8.1,,,,,,,,,,,,,,,,,"13,224"
2020,San Juan,pnp,Miguel Romero Lugo,male,"29,451",23.2,"46,427",36.6,"4,157",3.3,"42,962",33.9,"3,848",3,,,,,,,,,,,,,"127,714"
2020,San Lorenzo,pnp,Jaime Alverio Ramos,male,"7,467",47.5,"7,669",48.8,582,3.7,,,,,,,,,,,,,,,,,"15,881"
2020,San Sebastián,pnp,Javier Jiménez Pérez,male,"3,602",23.8,"10,995",72.7,525,3.5,,,,,,,,,,,,,,,,,"15,434"
2020,Santa Isabel,ppd,Rafael Burgos Santiago,male,"4,836",49.7,"4,591",47.2,300,3.1,,,,,,,,,,,,,,,,,"9,861"
2020,Toa Alta,ppd,Clemente Agosto,male,"10,185",47.1,"9,235",42.7,"2,194",10.2,,,,,,,,,,,,,,,,,"22,451"
2020,Toa Baja,pnp,Bernardo Márquez García,male,"5,526",21.8,"17,557",69.3,"2,247",8.9,,,,,,,,,,,,,,,,,"26,590"
2020,Trujillo Alto,ppd,José Luis Cruz Cruz,male,"11,830",49.7,"9,701",40.7,"2,284",9.6,,,,,,,,,,,,,,,,,"24,730"
2020,Utuado,pnp,Jorge Pérez,male,"5,375",45.8,"5,791",49.4,562,4.8,,,,,,,,,,,,,,,,,"11,922"
2020,Vega Alta,pnp,Maria Vega,female,"5,792",46.8,"5,974",48.3,597,4.8,,,,,,,,,,,,,,,,,"12,527"
2020,Vega Baja,ppd,Marcos Cruz Molina,male,"12,285",67.4,"5,212",28.6,735,4,,,,,,,,,,,,,,,,,"18,795"
2020,Vieques,pnp,José Corcino,male,"1,348",44.3,"1,562",51.4,100,3.3,,,,,,,31,1,,,,,,,,,"3,303"
2020,Villalba,ppd,Luis Javier Hernández Ortiz,male,"7,927",64.7,"4,118",33.6,213,1.7,,,,,,,,,,,,,,,,,"12,412"
2020,Yabucoa,ppd,Rafael Surillo Ruiz,male,"9,613",65.5,"4,725",32.2,349,2.4,,,,,,,,,,,,,,,,,"15,101"
2020,Yauco,pnp,Angel Torres,male,"4,054",28.8,"9,316",66.1,714,5.1,,,,,,,,,,,,,,,,,"14,480"
2016,Adjuntas,pnp,Jaime Barlucea Maldonado,male,"3,878",37.4,"3,878",37.4,256,2.5,,,,,,,,,,,,,,,,,"10,493"
2016,Aguada,pnp,Manuel Santiago Mendoza,male,"9,929",48,"9,929",48,443,2.1,,,,,,,,,,,,,,,,,"21,018"
2016,Aguadilla,pnp,Carlos Mendez,male,"7,269",31.6,"7,269",31.6,418,1.8,,,,,,,231,1,,,,,,,,,"23,390"
2016,Aguas Buenas,pnp,Javier Garcia Perez,male,"3,749",29.1,"3,749",29.1,"1,116",8.7,,,,,,,,,,,,,,,,,"13,002"
2016,Aibonito,pnp,Willie Alicea Pérez,male,"3,334",26.2,"3,334",26.2,320,2.5,,,,,,,,,,,,,,,,,"12,895"
2016,Añasco,pnp,Jorge Esteves Martínez,male,"7,614",53.9,"7,614",53.9,224,1.6,,,,,,,,,,,,,,,,,"14,363"
2016,Arecibo,ppd,Carlos Molina Rodríguez,male,"9,788",25.1,"9,788",25.1,"1,071",2.7,,,,,,,,,,,,,,,,,"39,728"
2016,Arroyo,pnp,Eric Bachier Román,male,"4,950",54.5,"4,950",54.5,168,1.8,,,,,,,,,,,,,,,,,"9,132"
2016,Barceloneta,pnp,Wanda Soler Rosario,female,"6,790",56.7,"6,790",56.7,130,1.1,,,,,,,,,,,,,,,,,"12,077"
2016,Barranquitas,ppd,"Francisco ""Paco"" López López",male,"5,173",35.9,"5,173",35.9,376,2.6,,,,,,,,,,,,,,,,,"14,589"
2016,Bayamón,pnp,Ramón Luis Rivera Cruz,male,"19,415",23.7,"19,415",23.7,"2,416",2.9,,,,,,,,,,,,,,,,,"83,736"
2016,Cabo Rojo,ppd,Roberto Ramírez Kurtz,male,"11,127",53.1,"11,127",53.1,793,3.8,,,,,,,,,,,,,,,,,"21,201"
2016,Caguas,ppd,William Edgardo Miranda Torres,male,"39,483",68.2,"39,483",68.2,"1,370",2.4,,,,,,,,,,,,,,,,,"58,664"
2016,Camuy,pnp,Edwin García Feliciano,male,"7,108",42.4,"7,108",42.4,376,2.2,,,,,,,,,,,,,,,,,"16,986"
2016,Canóvanas,pnp,Lornna Soto Villanueva,female,"8,188",46,"8,188",46,402,2.3,,,,,,,,,,,,,,,,,"18,090"
2016,Carolina,ppd,José Carlos Aponte Dalmau,male,"49,232",72.4,"49,232",72.4,"1,268",1.9,,,,,,,,,,,,,,,,,"68,916"
2016,Cataño,ppd,Felix Delgado,male,"4,264",33.4,"4,264",33.4,249,1.9,,,,,,,,,,,,,,,,,"12,919"
2016,Cayey,ppd,Rolando Ortiz Velázquez,male,"15,043",74.1,"15,043",74.1,630,3.1,,,,,,,,,,,,,,,,,"20,590"
2016,Ceiba,pnp,Ángelo Cruz Ramos,male,"1,973",36.3,"1,973",36.3,79,1.5,,,,,,,,,,,,,,,,,"5,524"
2016,Ciales,pnp,Luis Maldonado,male,"5,372",48.7,"5,372",48.7,101,0.9,,,,,,,,,,,,,,,,,"11,121"
2016,Cidra,pnp,Javier Carrasquillo Cruz,male,"6,319",33,"6,319",33,716,3.7,,,,,,,,,,,,,,,,,"19,424"
2016,Coamo,ppd,Juan Carlos García Padilla,male,"9,862",58.1,"9,862",58.1,263,1.5,,,,,,,,,,,,,,,,,"17,175"
2016,Comerío,ppd,"José Antonio ""Josian"" Santiago Rivera",male,"5,779",56.8,"5,779",56.8,124,1.2,,,,,,,,,,,,,,,,,"10,233"
2016,Corozal,ppd,Sergio Luis Torres Torres,male,"10,018",54.4,"10,018",54.4,232,1.3,,,,,,,,,,,,,,,,,"18,480"
2016,Culebra,ppd,William Iván Solís Bermúdez,male,714,57.4,714,57.4,8,0.6,,,,,,,,,,,,,,,,,"1,257"
2016,Dorado,pnp,Carlos López Rivera,male,"9,053",51.4,"9,053",51.4,326,1.9,,,,,,,,,,,,,,,,,"17,783"
2016,Fajardo,pnp,Aníbal Meléndez Rivera,male,"3,403",27.4,"3,403",27.4,240,1.9,,,,,,,169,1.4,,,,,,,,,"12,605"
2016,Florida,pnp,José Gerena Polanco,male,"2,942",45.4,"2,942",45.4,120,1.9,,,,,,,,,,,,,,,,,"6,522"
2016,Guánica,pnp,"Santos ""Papichy"" Seda Nazario",male,"3,695",39.4,"3,695",39.4,180,1.9,,,,,,,,,,,,,,,,,"9,467"
2016,Guayama,ppd,Eduardo Cintrón Suárez,male,"9,497",52.5,"9,497",52.5,366,2,,,,,,,,,,,,,,,,,"18,291"
2016,Guayanilla,ppd,Nelson Torres Yordan,male,"5,545",52.4,"5,545",52.4,238,2.2,,,,,,,,,,,,,,,,,"10,692"
2016,Guaynabo,pnp,Héctor O'Neill García,male,"9,301",22.6,"9,301",22.6,"1,545",3.7,,,,,,,,,,,592,1.4,,,,,"42,293"
2016,Gurabo,pnp,"Víctor Manuel ""Manolito"" Ortiz Díaz",male,"5,953",33.1,"5,953",33.1,744,4.1,,,,,,,,,,,,,,,,,"18,408"
2016,Hatillo,ppd,José Ángel Rodríguez Cruz,male,"12,321",68.2,"12,321",68.2,214,1.2,,,,,,,,,,,,,,,,,"18,320"
2016,Hormigueros,ppd,Pedro Juan García Figueroa,male,"5,737",69.2,"5,737",69.2,206,2.5,,,,,,,,,,,,,,,,,"8,440"
2016,Humacao,ppd,Marcelo Trujillo Panisse,male,"13,092",56.7,"13,092",56.7,420,1.8,,,,,,,,,,,199,0.9,,,,,"23,342"
2016,Isabela,ppd,Carlos Delgado Altieri,male,"12,521",62.8,"12,521",62.8,255,1.3,,,,,,,,,,,,,,,,,"20,136"
2016,Jayuya,ppd,Jorge Luis González Otero,male,"4,752",54.8,"4,752",54.8,89,1,,,,,,,,,,,,,,,,,"8,730"
2016,Juana Díaz,ppd,Ramón Antonio Hernández Torres,male,"12,486",61.4,"12,486",61.4,641,3.2,,,,,,,,,,,,,,,,,"20,505"
2016,Juncos,ppd,Alfredo Alejandro Carrión,male,"9,432",59.3,"9,432",59.3,410,2.6,,,,,,,,,,,,,,,,,"16,066"
2016,Lajas,ppd,Marcos Arturo Irizarry Pagán,male,"6,204",57.1,"6,204",57.1,267,2.5,,,,,,,,,,,,,,,,,"11,025"
2016,Lares,pnp,Roberto Pagán Centeno,male,"7,428",47.1,"7,428",47.1,248,1.6,,,,,,,,,,,,,,,,,"15,925"
2016,Las Marías,pnp,Edwin Soto Santiago,male,"2,979",48.3,"2,979",48.3,78,1.3,,,,,,,,,,,,,,,,,"6,194"
2016,Las Piedras,pnp,Miguel López Rivera,male,"6,705",40.9,"6,705",40.9,355,2.2,,,,,,,,,,,,,,,,,"16,630"
2016,Loíza,ppd,Julia M Nazario Fuentes,female,"5,956",54,"5,956",54,187,1.7,,,,,,,,,,,,,,,,,"11,180"
2016,Luquillo,ppd,Jesús Gerardo Márquez Rodríguez,male,"4,924",58.1,"4,924",58.1,155,1.8,,,,,,,,,,,,,,,,,"8,592"
2016,Manatí,pnp,Jose Sanchez,male,"3,618",19.2,"3,618",19.2,449,2.4,,,,,,,,,,,,,,,,,"19,123"
2016,Maricao,pnp,Gilberto Pérez Valentín,male,"1,675",47.7,"1,675",47.7,18,0.5,,,,,,,,,,,,,,,,,"3,544"
2016,Maunabo,ppd,Jorge Luis Márquez Pérez,male,"3,199",49.9,"3,199",49.9,159,2.5,,,,,,,,,,,,,,,,,"6,452"
2016,Mayagüez,ppd,"José Guillermo ""Guillito"" Rodríguez Rodríguez",male,"19,986",62.1,"19,986",62.1,"1,257",3.9,,,,,,,,,,,,,,,,,"32,944"
2016,Moca,pnp,José Avilés Santiago,male,"8,638",45.7,"8,638",45.7,229,1.2,,,,,,,,,,,,,,,,,"19,132"
2016,Morovis,ppd,Carmen Maldonado,female,"7,753",51.2,"7,753",51.2,153,1,,,,,,,,,,,,,,,,,"15,802"
2016,Naguabo,pnp,Noé Marcano Rivera,male,"2,190",20.9,"2,190",20.9,190,1.8,,,,,,,,,,,,,,,,,"10,565"
2016,Naranjito,pnp,Orlando Ortiz Chevres,male,"6,361",39.3,"6,361",39.3,241,1.5,,,,,,,78,0.5,,,,,,,,,"16,248"
2016,Orocovis,pnp,Jesús Colón Berlingeri,male,"5,549",41.5,"5,549",41.5,144,1.1,,,,,,,,,,,,,,,,,"13,454"
2016,Patillas,ppd,Norberto Soto Figueroa,male,"5,304",55.3,"5,304",55.3,177,1.8,,,,,,,,,,,,,,,,,"9,690"
2016,Peñuelas,ppd,Walter Torres Maldonado,male,"5,950",54.1,"5,950",54.1,501,4.6,,,,,,,,,,,,,,,,,"11,087"
2016,Ponce,pnp,"María Eloisa ""Mayita"" Meléndez Altieri",female,"25,798",41.6,"25,798",41.6,"1,964",3.2,,,,,,,,,,,"3,349",5.4,,,,,"62,924"
2016,Quebradillas,ppd,Heriberto Vélez Vélez,male,"7,181",55.7,"7,181",55.7,236,1.8,,,,,,,,,,,,,,,,,"13,023"
2016,Rincón,ppd,Carlos López Bonilla,male,"4,344",58.4,"4,344",58.4,119,1.6,,,,,,,,,,,30,0.4,,,,,"7,542"
2016,Río Grande,ppd,Ángel Basilio González Damudt,male,"10,673",55.3,"10,673",55.3,477,2.5,,,,,,,,,,,,,,,,,"19,564"
2016,Sabana Grande,ppd,Miguel Gabriel Ortiz Vélez,male,"6,668",55.7,"6,668",55.7,317,2.6,,,,,,,,,,,,,,,,,"12,069"
2016,Salinas,ppd,Karilyn Bonilla Colón,female,"8,086",62.9,"8,086",62.9,347,2.7,,,,,,,,,,,,,,,,,"13,007"
2016,San Germán,ppd,Isidro Negrón Irizarry,male,"8,401",54.9,"8,401",54.9,483,3.2,,,,,,,,,,,,,,,,,"15,518"
2016,San Juan,ppd,Carmen Yulín Cruz Soto,female,"78,808",52.5,"78,808",52.5,"4,227",2.8,,,,,,,,,,,"1,312",0.9,,,,,"151,529"
2016,San Lorenzo,ppd,"José ""Joe"" Román Abreu",male,"10,999",57.1,"10,999",57.1,309,1.6,,,,,,,,,,,,,,,,,"19,502"
2016,San Sebastián,pnp,Javier Jiménez Pérez,male,"5,755",29.4,"5,755",29.4,538,2.7,,,,,,,,,,,,,,,,,"19,928"
2016,Santa Isabel,pnp,"Enrique ""Quique"" Questell Alvarado",male,"4,734",47,"4,734",47,169,1.7,,,,,,,,,,,,,,,,,"10,280"
2016,Toa Alta,ppd,"Clemente ""Chito"" Agosto",male,"14,870",51.8,"14,870",51.8,645,2.2,,,,,,,,,,,,,,,,,"28,993"
2016,Toa Baja,pnp,Bernardo Marquez,male,"7,986",23.2,"7,986",23.2,909,2.6,,,,,,,,,,,,,,,,,"34,982"
2016,Trujillo Alto,ppd,José Luis Cruz Cruz,male,"18,139",63.4,"18,139",63.4,"1,433",5,,,,,,,,,,,,,,,,,"29,076"
2016,Utuado,ppd,Ernesto Samuel Irizarry Salva,male,"8,181",52.4,"8,181",52.4,172,1.1,,,,,,,,,,,,,,,,,"15,792"
2016,Vega Alta,ppd,Oscar Santiago,male,"7,607",49.4,"7,607",49.4,342,2.2,,,,,,,,,,,,,,,,,"15,608"
2016,Vega Baja,ppd,Marcos Cruz Molina,male,"16,790",67.7,"16,790",67.7,460,1.9,,,,,,,,,,,,,,,,,"25,145"
2016,Vieques,ppd,Víctor Manuel Emeric Catarineau,male,"2,215",56.1,"2,215",56.1,46,1.2,,,,,,,181,4.6,,,,,,,,,"4,028"
2016,Villalba,ppd,Luis Javier Hernández Ortiz,male,"7,702",50.5,"7,702",50.5,168,1.1,,,,,,,,,,,,,,,,,"15,302"
2016,Yabucoa,ppd,"Rafael ""Rafy"" Surillo Ruiz",male,"10,416",57,"10,416",57,210,1.1,,,,,,,,,,,,,,,,,"18,421"
2016,Yauco,pnp,Angel Torres,male,"6,481",34.7,"6,481",34.7,847,4.5,,,,,,,,,,,,,,,,,"19,092"
2012,Adjuntas,pnp,Jaime Barlucea Maldonado,male,"5,368",44.6,"6,428",53.4,116,1,,,,,,,,,,,,,,,,,"12,032"
2012,Aguada,ppd,Jessie Cortés Ramos,male,"12,621",52.7,"10,675",44.6,270,1.1,,,,,,,,,,,,,58,0.2,,,"23,947"
2012,Aguadilla,pnp,Carlos Méndez Martínez,male,"12,393",45.1,"14,173",51.6,415,1.5,,,,,,,116,0.4,,,,,,,,,"27,482"
2012,Aguas Buenas,ppd,Luis Arroyo Chiqués,male,"7,542",48.6,"7,474",48.2,385,2.5,,,,,,,,,,,,,,,,,"15,504"
2012,Aibonito,pnp,Willie Alicea Pérez,male,"5,967",37.2,"9,711",60.5,260,1.6,,,,,,,,,,,,,,,,,"16,043"
2012,Añasco,ppd,Jorge Esteves Martínez,male,"9,127",54.6,"7,346",44,103,0.6,,,,,,,,,,,,,,,,,"16,706"
2012,Arecibo,pnp,Carlos Molina Rodríguez,male,"19,382",39.1,"29,015",58.5,709,1.4,,,,,,,,,,,,,152,0.3,,,"49,612"
2012,Arroyo,ppd,Eric Bachier Román,male,"5,383",52.9,"4,493",44.1,193,1.9,,,,,,,,,,,,,,,,,"10,183"
2012,Barceloneta,ppd,Wanda Soler Rosario,female,"9,414",69.2,"3,685",27.1,103,0.8,,,,,,,,,,,53,0.5,,,,,"13,601"
2012,Barranquitas,pnp,"Francisco ""Paco"" López López",male,"6,824",39.9,"9,871",57.7,252,1.5,,,,,,,,,,,238,1.7,,,,,"17,115"
2012,Bayamón,pnp,Ramón Luis Rivera Cruz,male,"34,302",34.2,"62,748",62.5,"1,783",1.8,,,,,,,50,0,,,65,0.4,778,0.8,,,"100,335"
2012,Cabo Rojo,ppd,Roberto Ramírez Kurtz,male,"11,307",45.4,"10,271",41.2,651,2.6,,,,,,,"2,349",9.4,,,,,114,0.5,,,"24,908"
2012,Caguas,ppd,William Edgardo Miranda Torres,male,"43,763",62.9,"24,241",34.8,978,1.4,,,,,,,,,,,,,,,,,"69,600"
2012,Camuy,pnp,Edwin García Feliciano,male,"8,692",43.7,"10,784",54.2,248,1.2,,,,,,,,,,,230,0.3,,,,,"19,908"
2012,Canóvanas,pnp,Lornna Soto Villanueva,female,"8,176",40.8,"11,054",55.1,379,1.9,,,,,,,196,1,,,,,,,,,"20,048"
2012,Carolina,ppd,José Carlos Aponte Dalmau,male,"55,983",69,"23,774",29.3,877,1.1,,,,,,,,,,,,,,,,,"81,115"
2012,Cataño,ppd,José Rosario Meléndez,male,"7,902",49.6,"7,807",49,139,0.9,,,,,,,,,,,,,,,,,"15,946"
2012,Cayey,ppd,Rolando Ortiz Velázquez,male,"17,634",73.3,"5,597",23.3,593,2.5,,,,,,,,,,,,,,,,,"24,059"
2012,Ceiba,pnp,Ángelo Cruz Ramos,male,"2,425",35.4,"2,882",42.1,,,,,,,,,,,,,,,,,,,"6,844"
2012,Ciales,ppd,Juan José Rodríguez Pérez,male,"6,028",49.5,"5,962",49,85,0.7,,,,,,,,,,,,,,,,,"12,166"
2012,Cidra,pnp,Javier Carrasquillo Cruz,male,"9,691",42.9,"11,391",50.4,627,2.8,,,,,,,,,,,,,,,,,"22,603"
2012,Coamo,ppd,Juan Carlos García Padilla,male,"12,103",58.2,"8,425",40.5,141,0.7,,,,,,,,,,,,,,,,,"20,778"
2012,Comerío,ppd,"José Antonio ""Josian"" Santiago Rivera",male,"6,927",57.1,"4,969",40.9,96,0.8,,,,,,,,,,,,,,,,,"12,139"
2012,Corozal,ppd,Sergio Luis Torres Torres,male,"11,365",53.7,"9,490",44.8,190,0.9,,,,,,,,,,,64,0.5,,,,,"21,161"
2012,Culebra,ppd,William Iván Solís Bermúdez,male,762,51.6,697,47.2,8,0.5,,,,,,,,,,,,,,,,,"1,478"
2012,Dorado,ppd,Carlos López Rivera,male,"11,551",58.7,"7,665",39,362,1.8,,,,,,,,,,,,,,,,,"19,679"
2012,Fajardo,pnp,Aníbal Meléndez Rivera,male,"4,861",32.1,"9,778",64.5,313,2.1,,,,,,,,,,,,,,,,,"15,153"
2012,Florida,pnp,José Gerena Polanco,male,"2,367",31.9,"4,914",66.1,76,1,,,,,,,,,,,,,,,,,"7,431"
2012,Guánica,pnp,"Santos ""Papichy"" Seda Nazario",male,"5,322",46.4,"6,014",52.4,73,0.6,,,,,,,,,,,,,,,,,"11,477"
2012,Guayama,ppd,Eduardo Cintrón Suárez,male,"10,672",49.9,"10,158",47.5,318,1.5,,,,,,,,,,,,,,,,,"21,368"
2012,Guayanilla,ppd,Edgardo Arlequín Vélez,male,"6,205",50.5,"5,599",45.5,350,2.8,,,,,,,,,,,43,0.2,,,,,"12,297"
2012,Guaynabo,pnp,Héctor O'Neill García,male,"16,125",33.8,"28,620",59.9,"1,218",2.6,,,,,,,,,,,,,,,,,"47,740"
2012,Gurabo,pnp,"Víctor Manuel ""Manolito"" Ortiz Díaz",male,"8,838",41.8,"11,718",55.4,468,2.2,,,,,,,,,,,894,1.9,,,,,"21,148"
2012,Hatillo,ppd,José Ángel Rodríguez Cruz,male,"14,490",65.9,"7,148",32.5,171,0.8,,,,,,,,,,,,,,,,,"21,994"
2012,Hormigueros,ppd,Pedro Juan García Figueroa,male,"6,310",64.3,"3,214",32.8,172,1.8,,,,,,,,,,,,,,,,,"9,808"
2012,Humacao,ppd,Marcelo Trujillo Panisse,male,"18,339",67.4,"8,245",30.3,411,1.5,,,,,,,,,,,,,,,,,"27,227"
2012,Isabela,ppd,Carlos Delgado Altieri,male,"14,362",58.8,"9,620",39.4,232,0.9,,,,,,,,,,,,,,,,,"24,430"
2012,Jayuya,ppd,Jorge Luis González Otero,male,"5,595",56.5,"4,152",42,75,0.8,,,,,,,,,,,,,,,,,"9,894"
2012,Juana Díaz,ppd,Ramón Antonio Hernández Torres,male,"14,764",60.6,"9,109",37.4,321,1.3,,,,,,,,,,,,,,,,,"24,357"
2012,Juncos,ppd,Alfredo Alejandro Carrión,male,"12,230",66.4,"5,745",31.2,246,1.3,,,,,,,,,,,,,,,,,"18,427"
2012,Lajas,ppd,Marcos Arturo Irizarry Pagán,male,"8,470",62.6,"4,555",33.7,355,2.6,,,,,,,,,,,,,,,,,"13,536"
2012,Lares,pnp,Roberto Pagán Centeno,male,"8,802",47.2,"9,462",50.7,204,1.1,,,,,,,,,,,,,46,0.2,,,"18,656"
2012,Las Marías,ppd,José Javier Rodríguez López,male,"3,548",53.1,"3,030",45.3,56,0.8,,,,,,,,,,,,,,,,,"6,685"
2012,Las Piedras,pnp,Miguel López Rivera,male,"7,361",38.9,"11,173",59.1,209,1.1,,,,,,,,,,,,,,,,,"18,914"
2012,Loíza,pnp,Eddie Manso Fuentes,male,"4,501",37,"7,050",57.9,212,1.7,,,,,,,,,,,,,,,,,"12,172"
2012,Luquillo,ppd,Jesús Gerardo Márquez Rodríguez,male,"4,967",51.6,"4,435",46.1,134,1.4,,,,,,,,,,,,,,,,,"9,619"
2012,Manatí,pnp,Juan Aubín Cruz Manzano,male,"7,617",34.1,"13,491",60.4,363,1.6,,,,,,,,,,,,,,,,,"22,346"
2012,Maricao,pnp,Gilberto Pérez Valentín,male,"1,661",41.8,"2,255",56.8,23,0.6,,,,,,,,,,,,,,,,,"3,973"
2012,Maunabo,ppd,Jorge Luis Márquez Pérez,male,"4,185",54.8,"3,205",42,174,2.3,,,,,,,,,,,,,,,,,"7,638"
2012,Mayagüez,ppd,"José Guillermo ""Guillito"" Rodríguez Rodríguez",male,"25,425",62.5,"13,620",33.5,997,2.5,,,,,,,63,0.2,,,,,202,0.5,,,"40,661"
2012,Moca,ppd,José Avilés Santiago,male,"10,415",47.9,"10,764",49.5,265,1.2,,,,,,,,,,,,,,,,,"21,738"
2012,Morovis,pnp,Heriberto Rodríguez Adorno,male,"8,352",44.2,"10,219",54,184,1,,,,,,,,,,,,,,,,,"18,907"
2012,Naguabo,pnp,Noé Marcano Rivera,male,"5,574",43,"7,036",54.2,241,1.9,,,,,,,,,,,,,,,,,"12,971"
2012,Naranjito,pnp,Orlando Ortiz Chevres,male,"9,314",48.6,"9,579",50,214,1.1,,,,,,,,,,,,,,,,,"19,165"
2012,Orocovis,pnp,Jesús Colón Berlingeri,male,"7,452",47.8,"7,983",51.2,69,0.4,,,,,,,,,,,,,,,,,"15,584"
2012,Patillas,ppd,Norberto Soto Figueroa,male,"5,864",51.4,"5,228",45.8,218,1.9,,,,,,,,,,,,,,,,,"11,419"
2012,Peñuelas,ppd,Walter Torres Maldonado,male,"7,285",55.5,"5,392",41.1,326,2.5,,,,,,,,,,,,,,,,,"13,128"
2012,Ponce,pnp,"María Eloisa ""Mayita"" Meléndez Altieri",female,"32,956",42.6,"42,507",54.9,"1,246",1.6,,,,,,,,,,,,,,,150,0.2,"77,373"
2012,Quebradillas,ppd,Heriberto Vélez Vélez,male,"9,160",62.3,"5,135",34.9,246,1.7,,,,,,,,,,,,,,,,,"14,698"
2012,Rincón,ppd,Carlos López Bonilla,male,"5,376",61.7,"3,169",36.4,84,1,,,,,,,,,,,,,,,,,"8,714"
2012,Río Grande,ppd,Ángel Basilio González Damudt,male,"14,860",64.2,"7,775",33.6,305,1.3,,,,,,,,,,,,,,,,,"23,163"
2012,Sabana Grande,ppd,Miguel Gabriel Ortiz Vélez,male,"7,553",54.6,"5,913",42.7,249,1.8,,,,,,,,,,,,,,,,,"13,837"
2012,Salinas,ppd,Karilyn Bonilla Colón,female,"8,026",51.2,"7,299",46.6,191,1.2,,,,,,,,,,,,,,,,,"15,678"
2012,San Germán,ppd,Isidro Negrón Irizarry,male,"12,201",66.4,"5,475",29.8,432,2.4,,,,,,,,,,,,,,,,,"18,377"
2012,San Juan,ppd,Carmen Yulín Cruz Soto,female,"88,893",50.4,"83,107",47.1,"2,641",1.5,,,,,,,,,,,,,,,,,"176,447"
2012,San Lorenzo,ppd,"José ""Joe"" Román Abreu",male,"12,780",54.5,"10,316",44,212,0.9,,,,,,,,,,,912,0.5,,,,,"23,449"
2012,San Sebastián,pnp,Javier Jiménez Pérez,male,"10,166",41.5,"13,426",54.8,518,2.1,,,,,,,,,,,,,63,0.3,,,"24,483"
2012,Santa Isabel,pnp,"Enrique ""Quique"" Questell Alvarado",male,"4,737",38.7,"7,236",59.1,151,1.2,,,,,,,,,,,,,,,,,"12,248"
2012,Toa Alta,ppd,"Clemente ""Chito"" Agosto",male,"16,282",51.2,"14,052",44.2,767,2.4,,,,,,,,,,,,,,,,,"31,780"
2012,Toa Baja,pnp,Aníbal Vega Borges,male,"13,356",31.9,"27,427",65.4,643,1.5,,,,,,,,,,,348,1.1,198,0.5,,,"41,911"
2012,Trujillo Alto,ppd,José Luis Cruz Cruz,male,"23,286",67.2,"10,259",29.6,589,1.7,,,,,,,,,,,,,283,0.8,,,"34,639"
2012,Utuado,ppd,Ernesto Samuel Irizarry Salva,male,"9,786",50.1,"9,226",47.2,154,0.8,,,,,,,,,,,,,149,0.8,,,"19,534"
2012,Vega Alta,pnp,"Isabelo ""Chabelo"" Molina Hernández",male,"8,377",45.5,"9,405",51,237,1.3,,,,,,,,,,,,,260,1.4,,,"18,430"
2012,Vega Baja,ppd,Marcos Cruz Molina,male,"18,681",61.4,"11,090",36.4,448,1.5,,,,,,,,,,,,,,,,,"30,444"
2012,Vieques,ppd,Víctor Manuel Emeric Catarineau,male,"2,435",51.8,"2,025",43.1,36,0.8,,,,,,,,,,,,,,,,,"4,702"
2012,Villalba,ppd,Luis Javier Hernández Ortiz,male,"8,498",50.1,"8,272",48.7,130,0.8,,,,,,,,,,,,,,,,,"16,978"
2012,Yabucoa,pnp,"Rafael ""Rafy"" Surillo Ruiz",male,"11,799",54.4,"9,598",44.2,206,0.9,,,,,,,,,,,,,,,,,"21,705"
2012,Yauco,pnp,Abel Nazario Quiñones,male,"8,175",35.9,"13,897",61,481,2.1,,,,,,,,,,,,,,,,,"22,771"
2008,Adjuntas,pnp,Jaime Barlucea Maldonado,male,"4,981",41.4,"6,833",56.8,84,0.7,,,,,,,,,,,,,,,,,"12,038"
2008,Aguada,pnp,Luis Echevarria Santiago,male,"8,672",37.2,"13,575",58.3,689,3,,,,,,,,,,,,,,,,,"23,304"
2008,Aguadilla,pnp,Carlos Méndez Martínez,male,"8,133",28.1,"19,698",67.9,572,2,,,,,,,,,,,,,,,,,"28,994"
2008,Aguas Buenas,ppd,Luis Arroyo Chiqués,male,"8,528",53.9,"6,674",42.2,436,2.8,,,,,,,,,,,,,,,,,"15,811"
2008,Aibonito,pnp,Willie Alicea Pérez,male,"6,034",37.5,"9,707",60.3,244,1.5,,,,,,,,,,,,,,,,,"16,106"
2008,Añasco,ppd,Jorge Esteves Martínez,male,"8,494",49.9,"8,284",48.6,116,0.7,,,,,,,,,,,,,,,,,"17,030"
2008,Arecibo,pnp,Lemuel Soto Santiago,male,"22,777",44.5,"26,308",51.4,969,1.9,,,,,,,,,,,,,,,,,"51,186"
2008,Arroyo,pnp,Basilio Figueroa,male,"4,630",44.7,"5,340",51.6,261,2.5,,,,,,,,,,,,,,,,,"10,357"
2008,Barceloneta,ppd,Sol Luis Fontanes Olivo,male,"9,295",69.4,"3,792",28.3,148,1.1,,,,,,,,,,,,,,,,,"13,389"
2008,Barranquitas,pnp,"Francisco ""Paco"" López López",male,"6,456",37.5,"10,416",60.6,218,1.3,,,,,,,,,,,,,,,,,"17,201"
2008,Bayamón,pnp,Ramón Luis Rivera Cruz,male,"33,350",31.3,"69,769",65.5,"2,466",2.3,,,,,,,,,,,,,,,,,"106,583"
2008,Cabo Rojo,pnp,Perza Rodriguez Quinones,female,"9,303",38.5,"14,111",58.3,489,2,,,,,,,,,,,,,,,,,"24,188"
2008,Caguas,ppd,William Edgardo Miranda Torres,male,"44,160",62.2,"24,712",34.8,"1,375",1.9,,,,,,,,,,,,,,,,,"70,950"
2008,Camuy,pnp,Edwin García Feliciano,male,"8,216",40.7,"11,496",56.9,260,1.3,,,,,,,,,,,,,,,,,"20,196"
2008,Canóvanas,pnp,Jose Soto Rivera,male,"8,532",40.3,"11,930",56.3,416,2,,,,,,,,,,,,,,,,,"21,183"
2008,Carolina,ppd,José Carlos Aponte Dalmau,male,"52,081",60.2,"32,678",37.8,"1,120",1.3,,,,,,,,,,,,,,,,,"86,481"
2008,Cataño,ppd,José Rosario Meléndez,male,"8,108",49.9,"7,706",47.5,214,1.3,,,,,,,,,,,,,,,,,"16,238"
2008,Cayey,ppd,Rolando Ortiz Velázquez,male,"17,045",67,"7,306",28.7,793,3.1,,,,,,,,,,,,,,,,,"25,445"
2008,Ceiba,pnp,Pedro Colon Osorio,male,"2,916",41.8,"3,797",54.4,135,1.9,,,,,,,,,,,,,,,,,"6,975"
2008,Ciales,pnp,Luis Maldonado Rodriguez,male,"5,090",42.1,"6,786",56.1,112,0.9,,,,,,,,,,,,,,,,,"12,093"
2008,Cidra,pnp,Angel Malave Zayas,male,"7,439",32.9,"14,152",62.6,784,3.5,,,,,,,,,,,,,,,,,"22,602"
2008,Coamo,ppd,Juan Carlos García Padilla,male,"11,944",58,"8,216",39.9,237,1.2,,,,,,,,,,,,,,,,,"20,600"
2008,Comerío,ppd,"José Antonio ""Josian"" Santiago Rivera",male,"6,962",56.3,"5,158",41.7,174,1.4,,,,,,,,,,,,,,,,,"12,357"
2008,Corozal,pnp,Roberto Hernandez Velez,male,"9,335",43.4,"11,817",55,181,0.8,,,,,,,,,,,,,,,,,"21,498"
2008,Culebra,pnp,Abraham Pena Nieves,male,585,43.7,727,54.3,15,1.1,,,,,,,,,,,,,,,,,"1,339"
2008,Dorado,ppd,Carlos López Rivera,male,"11,172",55.7,"8,405",41.9,345,1.7,,,,,,,,,,,,,,,,,"20,074"
2008,Fajardo,pnp,Aníbal Meléndez Rivera,male,"4,318",26.4,"11,333",69.4,410,2.5,,,,,,,,,,,,,,,,,"16,330"
2008,Florida,pnp,Jose Pargas Ojeda,male,"3,288",44.5,"3,889",52.6,125,1.7,,,,,,,,,,,,,,,,,"7,388"
2008,Guánica,ppd,Martin Vargas Morales,male,"5,569",51.1,"5,133",47.1,119,1.1,,,,,,,,,,,,,,,,,"10,906"
2008,Guayama,pnp,Glorimari Jaime Rodriguez,female,"10,321",47.4,"11,019",50.6,286,1.3,,,,,,,,,,,,,,,,,"21,760"
2008,Guayanilla,ppd,Edgardo Arlequín Vélez,male,"7,305",57.1,"5,073",39.7,286,2.2,,,,,,,,,,,,,,,,,"12,792"
2008,Guaynabo,pnp,Héctor O'Neill García,male,"13,385",26.6,"34,612",68.9,"1,421",2.8,,,,,,,,,,,,,,,,,"50,250"
2008,Gurabo,pnp,"Víctor Manuel ""Manolito"" Ortiz Díaz",male,"8,766",40.9,"12,155",56.7,352,1.6,,,,,,,,,,,,,,,,,"21,420"
2008,Hatillo,ppd,José Ángel Rodríguez Cruz,male,"12,787",56.7,"9,457",41.9,157,0.7,,,,,,,,,,,,,,,,,"22,563"
2008,Hormigueros,pnp,Pedro Juan García Figueroa,male,"5,812",56.3,"4,268",41.3,152,1.5,,,,,,,,,,,,,,,,,"10,323"
2008,Humacao,ppd,Marcelo Trujillo Panisse,male,"18,702",63.7,"9,623",32.8,672,2.3,,,,,,,,,,,,,,,,,"29,352"
2008,Isabela,ppd,Carlos Delgado Altieri,male,"13,718",55.7,"10,383",42.1,254,1,,,,,,,,,,,,,,,,,"24,648"
2008,Jayuya,ppd,Jorge Luis González Otero,male,"5,621",55.4,"4,344",42.8,101,1,,,,,,,,,,,,,,,,,"10,140"
2008,Juana Díaz,ppd,Ramón Antonio Hernández Torres,male,"14,428",57.4,"10,173",40.5,281,1.1,,,,,,,,,,,,,,,,,"25,122"
2008,Juncos,ppd,Alfredo Alejandro Carrión,male,"12,745",65.7,"6,270",32.3,190,1,,,,,,,,,,,,,,,,,"19,390"
2008,Lajas,pnp,Leo Cotte Torres,male,"6,379",46.9,"6,834",50.2,217,1.6,,,,,,,,,,,,,,,,,"13,613"
2008,Lares,pnp,Roberto Pagán Centeno,male,"8,307",44.2,"10,071",53.5,264,1.4,,,,,,,,,,,,,,,,,"18,815"
2008,Las Marías,pnp,Edwin Soto Santiago,male,"2,207",34,"4,100",63.1,99,1.5,,,,,,,,,,,,,,,,,"6,497"
2008,Las Piedras,pnp,Miguel López Rivera,male,"5,572",28.2,"13,674",69.1,207,1,,,,,,,,,,,,,,,,,"19,778"
2008,Loíza,pnp,Eddie Manso Fuentes,male,"4,026",30.9,"8,334",64,231,1.8,,,,,,,189,1.5,,,,,,,,,"13,012"
2008,Luquillo,pnp,Jose Gonzalez Ortiz,male,"3,427",35.8,"5,844",61.1,144,1.5,,,,,,,,,,,,,,,,,"9,563"
2008,Manatí,pnp,Juan Aubín Cruz Manzano,male,"7,788",33.2,"14,915",63.6,503,2.1,,,,,,,,,,,,,,,,,"23,463"
2008,Maricao,pnp,Gilberto Pérez Valentín,male,"1,678",41.4,"2,315",57.1,17,0.4,,,,,,,,,,,,,,,,,"4,055"
2008,Maunabo,ppd,Jorge Luis Márquez Pérez,male,"4,192",52.4,"3,606",45.1,156,1.9,,,,,,,,,,,,,,,,,"8,003"
2008,Mayagüez,ppd,"José Guillermo ""Guillito"" Rodríguez Rodríguez",male,"25,585",57.9,"16,701",37.8,"1,372",3.1,,,,,,,,,,,,,,,,,"44,198"
2008,Moca,pnp,José Avilés Santiago,male,"7,882",36.5,"12,974",60,332,1.5,,,,,,,,,,,,,,,,,"21,610"
2008,Morovis,pnp,Heriberto Rodríguez Adorno,male,"8,991",48.9,"9,089",49.4,181,1,,,,,,,,,,,,,,,,,"18,398"
2008,Naguabo,pnp,Maritza Melendez Nazario,female,"6,226",46,"7,104",52.4,94,0.7,,,,,,,,,,,,,,,,,"13,549"
2008,Naranjito,pnp,Orlando Ortiz Chevres,male,"8,378",44.6,"10,081",53.7,236,1.3,,,,,,,,,,,,,,,,,"18,788"
2008,Orocovis,pnp,Jesús Colón Berlingeri,male,"5,867",39.8,"8,632",58.5,120,0.8,,,,,,,,,,,,,,,,,"14,751"
2008,Patillas,pnp,Benjamin Cintron Lebron,male,"3,281",29.3,"7,253",64.7,309,2.8,,,,,,,,,,,,,,,,,"11,204"
2008,Peñuelas,ppd,Walter Torres Maldonado,male,"7,738",56.9,"5,320",39.1,415,3.1,,,,,,,,,,,,,,,,,"13,599"
2008,Ponce,ppd,"María Eloisa ""Mayita"" Meléndez Altieri",female,"30,919",36.9,"34,315",40.9,"1,035",1.2,,,,,,,,,,,,,,,"16,844",20.1,"83,892"
2008,Quebradillas,ppd,Heriberto Vélez Vélez,male,"8,671",55.8,"6,641",42.7,144,0.9,,,,,,,,,,,,,,,,,"15,549"
2008,Rincón,ppd,Carlos López Bonilla,male,"4,833",53.2,"3,977",43.8,78,0.9,,,,,,,124,1.4,,,,,,,,,"9,089"
2008,Río Grande,ppd,Eduardo Rivera Correa,male,"15,066",62,"8,810",36.2,251,1,,,,,,,,,,,,,,,,,"24,319"
2008,Sabana Grande,ppd,Miguel Gabriel Ortiz Vélez,male,"7,883",54.9,"6,099",42.5,204,1.4,,,,,,,,,,,,,,,,,"14,352"
2008,Salinas,pnp,Calos Rodriguez Mateo,male,"7,204",43.9,"8,814",53.8,196,1.2,,,,,,,,,,,,,,,,,"16,392"
2008,San Germán,ppd,Isidro Negrón Irizarry,male,"11,494",59,"7,353",37.7,386,2,,,,,,,,,,,,,,,,,"19,496"
2008,San Juan,pnp,Jorge Santini,male,"84,109",45,"96,444",51.6,"5,066",2.7,,,,,,,,,,,,,,,,,"186,981"
2008,San Lorenzo,ppd,"José ""Joe"" Román Abreu",male,"12,299",53.3,"10,403",45.1,228,1,,,,,,,,,,,,,,,,,"23,072"
2008,San Sebastián,pnp,Javier Jiménez Pérez,male,"9,775",37.9,"15,254",59.2,495,1.9,,,,,,,,,,,,,,,,,"25,788"
2008,Santa Isabel,pnp,"Enrique ""Quique"" Questell Alvarado",male,"4,880",39.3,"7,339",59.1,125,1,,,,,,,,,,,,,,,,,"12,419"
2008,Toa Alta,pnp,Luis Collazo Rivera,male,"13,344",41.5,"17,872",55.6,634,2,,,,,,,,,,,,,,,,,"32,169"
2008,Toa Baja,pnp,Aníbal Vega Borges,male,"10,267",23.2,"32,657",73.7,697,1.6,,,,,,,,,,,,,,,,,"44,325"
2008,Trujillo Alto,ppd,José Luis Cruz Cruz,male,"20,233",57.2,"13,869",39.2,846,2.4,,,,,,,,,,,,,,,,,"35,345"
2008,Utuado,pnp,Alan Gonzalez Cancel,male,"9,790",48.7,"9,994",49.7,156,0.8,,,,,,,,,,,,,,,,,"20,114"
2008,Vega Alta,pnp,"Isabelo ""Chabelo"" Molina Hernández",male,"9,417",48.6,"9,567",49.3,254,1.3,,,,,,,,,,,,,,,,,"19,392"
2008,Vega Baja,pnp,Edgar Santana Rivera,male,"14,589",45.2,"17,138",53.1,365,1.1,,,,,,,,,,,,,,,,,"32,295"
2008,Vieques,pnp,Evelyn Delerme Camacho,female,"2,291",42.4,"2,922",54.1,98,1.8,,,,,,,,,,,,,,,,,"5,401"
2008,Villalba,ppd,Waldemar Riveral Torres,male,"7,984",49.4,"7,947",49.2,153,0.9,,,,,,,,,,,,,,,,,"16,152"
2008,Yabucoa,pnp,Angel S Garcia de Jesus,male,"8,781",40.6,"12,414",57.4,274,1.3,,,,,,,,,,,,,,,,,"21,638"
2008,Yauco,pnp,Abel Nazario Quiñones,male,"8,071",33.9,"15,185",63.8,366,1.5,,,,,,,,,,,,,,,,,"23,810"
2004,Adjuntas,pnp,Jaime Barlucea Maldonado,male,"5,744",47.6,"6,018",49.8,158,1.3,,,,,,,,,,,,,,,,,"12,073"
2004,Aguada,pnp,Luis Echevarria Santiago,male,"9,913",40.5,"13,947",57,287,1.2,,,,,,,97,0.4,,,,,,,,,"24,458"
2004,Aguadilla,pnp,Carlos Méndez Martínez,male,"10,474",34.2,"19,162",62.5,603,2,,,,,,,,,,,,,,,,,"30,669"
2004,Aguas Buenas,ppd,Luis Arroyo Chiqués,male,"8,189",50.6,"7,407",45.8,477,2.9,,,,,,,,,,,,,,,,,"16,176"
2004,Aibonito,ppd,Jose Alberto Diaz Robles,male,"8,574",53.8,"6,764",42.4,393,2.5,,,,,,,,,,,,,,,,,"15,938"
2004,Añasco,pnp,Pablo Crespo Torres,male,"8,163",48.2,"8,449",49.9,157,0.9,,,,,,,,,,,,,,,,,"16,928"
2004,Arecibo,pnp,Lemuel Soto Santiago,male,"25,376",47,"27,212",50.4,989,1.8,,,,,,,,,,,,,,,,,"54,018"
2004,Arroyo,pnp,Basilio Figueroa,male,"5,048",45.8,"5,615",50.9,260,2.4,,,,,,,,,,,,,,,,,"11,021"
2004,Barceloneta,ppd,Sol Luis Fontanes Olivo,male,"8,076",62.9,"4,444",34.6,182,1.4,,,,,,,,,,,,,,,,,"12,848"
2004,Barranquitas,pnp,"Francisco ""Paco"" López López",male,"6,867",39.9,"9,982",58,253,1.5,,,,,,,,,,,,,,,,,"17,203"
2004,Bayamón,pnp,Ramón Luis Rivera Cruz,male,"40,139",36.1,"67,367",60.6,"2,914",2.6,,,,,,,,,,,,,,,,,"111,208"
2004,Cabo Rojo,pnp,Santos Padilla Ferrer,male,"10,049",40.9,"13,432",54.6,830,3.4,,,,,,,,,,,,,,,,,"24,590"
2004,Caguas,ppd,William Edgardo Miranda Torres,male,"46,485",63.1,"24,643",33.4,"1,913",2.6,,,,,,,,,,,,,,,,,"73,724"
2004,Camuy,pnp,Edwin García Feliciano,male,"8,783",43.3,"10,653",52.5,363,1.8,,,,,,,,,,,,,,,,,"20,305"
2004,Canóvanas,pnp,Jose Soto Rivera,male,"8,026",37.8,"12,643",59.5,358,1.7,,,,,,,,,,,,,,,,,"21,260"
2004,Carolina,ppd,José Carlos Aponte Dalmau,male,"49,318",56,"36,326",41.2,"1,852",2.1,,,,,,,,,,,,,,,,,"88,135"
2004,Cataño,pnp,Wilson Soto Molina,male,"4,851",28.8,"7,830",46.5,248,1.5,,,,,,,,,,,,,,,"3,617",21.5,"16,821"
2004,Cayey,ppd,Rolando Ortiz Velázquez,male,"16,460",62.9,"8,460",32.3,910,3.5,,,,,,,,,,,,,,,,,"26,153"
2004,Ceiba,ppd,Gilberto Camacho Parrilla,male,"3,479",49.9,"3,327",47.7,111,1.6,,,,,,,,,,,,,,,,,"6,969"
2004,Ciales,pnp,Luis Maldonado Rodriguez,male,"5,825",47.2,"6,328",51.3,125,1,,,,,,,,,,,,,,,,,"12,340"
2004,Cidra,pnp,Angel Malave Zayas,male,"8,339",36.5,"13,466",58.9,845,3.7,,,,,,,,,,,,,,,,,"22,855"
2004,Coamo,ppd,Juan Carlos García Padilla,male,"11,838",56.3,"8,695",41.4,331,1.6,,,,,,,,,,,,,,,,,"21,017"
2004,Comerío,ppd,"José Antonio ""Josian"" Santiago Rivera",male,"6,276",50.5,"5,887",47.4,204,1.6,,,,,,,,,,,,,,,,,"12,425"
2004,Corozal,pnp,Roberto Hernandez Velez,male,"10,298",47.1,"11,182",51.1,261,1.2,,,,,,,,,,,,,,,,,"21,867"
2004,Culebra,pnp,Abraham Pena Nieves,male,558,44.9,623,50.1,10,0.8,,,,,,,,,,,,,,,,,"1,244"
2004,Dorado,ppd,Carlos López Rivera,male,"10,822",56.3,"7,721",40.2,521,2.7,,,,,,,,,,,,,,,,,"19,216"
2004,Fajardo,pnp,Aníbal Meléndez Rivera,male,"4,934",28.4,"11,909",68.5,354,2,,,,,,,,,,,,,,,,,"17,375"
2004,Florida,pnp,Jose Pargas Ojeda,male,"3,447",46.2,"3,845",51.5,123,1.6,,,,,,,,,,,,,,,,,"7,469"
2004,Guánica,ppd,Martin Vargas Morales,male,"6,380",56.1,"4,697",41.3,192,1.7,,,,,,,,,,,,,,,,,"11,373"
2004,Guayama,ppd,Hector Colon Mendoza,male,"11,092",50.1,"10,540",47.6,355,1.6,,,,,,,,,,,,,,,,,"22,141"
2004,Guayanilla,ppd,Edgardo Arlequín Vélez,male,"7,743",57.7,"5,260",39.2,307,2.3,,,,,,,,,,,,,,,,,"13,419"
2004,Guaynabo,pnp,Héctor O'Neill García,male,"16,884",33.4,"31,588",62.4,"1,667",3.3,,,,,,,,,,,,,,,,,"50,604"
2004,Gurabo,pnp,"Víctor Manuel ""Manolito"" Ortiz Díaz",male,"9,263",47.6,"9,488",48.8,465,2.4,,,,,,,,,,,,,,,,,"19,451"
2004,Hatillo,ppd,José Ángel Rodríguez Cruz,male,"11,102",49.6,"10,922",48.8,211,0.9,,,,,,,,,,,,,,,,,"22,377"
2004,Hormigueros,ppd,Pedro Juan García Figueroa,male,"5,429",51,"4,927",46.3,186,1.7,,,,,,,,,,,,,,,,,"10,642"
2004,Humacao,ppd,Marcelo Trujillo Panisse,male,"16,320",53.4,"13,170",43.1,800,2.6,,,,,,,,,,,,,,,,,"30,563"
2004,Isabela,ppd,Carlos Delgado Altieri,male,"14,052",55.3,"10,756",42.3,347,1.4,,,,,,,,,,,,,,,,,"25,418"
2004,Jayuya,ppd,Jorge Luis González Otero,male,"6,028",57.2,"4,338",41.2,104,1,,,,,,,,,,,,,,,,,"10,538"
2004,Juana Díaz,ppd,Ramón Antonio Hernández Torres,male,"14,247",55.7,"10,918",42.7,270,1.1,,,,,,,,,,,,,,,,,"25,599"
2004,Juncos,ppd,Alfredo Alejandro Carrión,male,"12,369",65.3,"6,166",32.6,200,1.1,,,,,,,,,,,,,,,,,"18,940"
2004,Lajas,ppd,Marcos Irizarry Pagan,male,"7,111",49.5,"6,767",47.1,300,2.1,,,,,,,,,,,,,,,,,"14,368"
2004,Lares,pnp,Roberto Pagán Centeno,male,"9,017",47.4,"9,476",49.8,391,2.1,,,,,,,,,,,,,,,,,"19,014"
2004,Las Marías,pnp,Edwin Soto Santiago,male,"2,688",41.1,"3,691",56.4,87,1.3,,,,,,,,,,,,,,,,,"6,544"
2004,Las Piedras,pnp,Itzamar Pena Ramirez,female,"8,733",44.6,"10,403",53.2,244,1.2,,,,,,,,,,,,,,,,,"19,564"
2004,Loíza,pnp,Eddie Manso Fuentes,male,"3,933",28,"7,097",50.4,196,1.4,,,,,,,,,,,,,,,"2,524",17.9,"14,068"
2004,Luquillo,pnp,Jose Gonzalez Ortiz,male,"3,918",38.4,"5,964",58.4,191,1.9,,,,,,,,,,,,,,,,,"10,216"
2004,Manatí,pnp,Juan Aubín Cruz Manzano,male,"6,950",28.6,"16,260",67,778,3.2,,,,,,,,,,,,,,,,,"24,275"
2004,Maricao,pnp,Gilberto Pérez Valentín,male,"1,676",42.2,"2,229",56.1,27,0.7,,,,,,,,,,,,,,,,,"3,970"
2004,Maunabo,ppd,Jorge Luis Márquez Pérez,male,"4,056",51.6,"3,552",45.2,186,2.4,,,,,,,,,,,,,,,,,"7,867"
2004,Mayagüez,ppd,"José Guillermo ""Guillito"" Rodríguez Rodríguez",male,"28,646",58.4,"18,487",37.7,"1,301",2.7,,,,,,,,,,,,,,,,,"49,024"
2004,Moca,pnp,José Avilés Santiago,male,"8,542",38.5,"12,822",57.8,442,2,,,,,,,,,,,,,,,,,"22,172"
2004,Morovis,pnp,Heriberto Rodríguez Adorno,male,"8,679",49,"8,754",49.4,190,1.1,,,,,,,,,,,,,,,,,"17,730"
2004,Naguabo,ppd,Wilfredo Astacio Santiago,female,"6,511",48.9,"6,378",47.9,345,2.6,,,,,,,,,,,,,,,,,"13,321"
2004,Naranjito,ppd,Manuel De J Ortega Rodriguez,male,"9,064",49.2,"8,939",48.5,317,1.7,,,,,,,,,,,,,,,,,"18,439"
2004,Orocovis,pnp,Jesús Colón Berlingeri,male,"6,535",43.7,"8,189",54.7,142,0.9,,,,,,,,,,,,,,,,,"14,963"
2004,Patillas,pnp,Benjamin Cintron Lebron,male,"5,094",42.2,"6,518",53.9,281,2.3,,,,,,,,,,,,,,,,,"12,083"
2004,Peñuelas,ppd,Walter Torres Maldonado,male,"7,907",57.2,"5,259",38,496,3.6,,,,,,,,,,,,,,,,,"13,826"
2004,Ponce,ppd,Francisco Zayas Seijo,female,"47,808",55.7,"35,353",41.2,"1,971",2.3,,,,,,,,,,,,,,,,,"85,872"
2004,Quebradillas,ppd,Heriberto Vélez Vélez,male,"7,699",50.2,"7,266",47.3,223,1.5,,,,,,,,,,,,,,,,,"15,350"
2004,Rincón,ppd,Carlos López Bonilla,male,"4,643",50.6,"4,312",47,92,1,,,,,,,,,,,,,,,52,0.6,"9,180"
2004,Río Grande,ppd,Eduardo Rivera Correa,male,"12,011",49.4,"11,600",47.8,450,1.9,,,,,,,,,,,,,,,,,"24,290"
2004,Sabana Grande,ppd,Miguel Gabriel Ortiz Vélez,male,"8,871",59.9,"5,486",37,312,2.1,,,,,,,,,,,,,,,,,"14,812"
2004,Salinas,pnp,Calos Rodriguez Mateo,male,"7,724",47,"8,307",50.6,262,1.6,,,,,,,,,,,,,,,,,"16,425"
2004,San Germán,ppd,Isidro Negrón Irizarry,male,"10,559",51,"9,215",44.5,599,2.9,,,,,,,,,,,,,,,,,"20,723"
2004,San Juan,pnp,Jorge Santini,male,"91,173",46.2,"97,121",49.2,"7,883",4,,,,,,,,,,,,,,,,,"197,489"
2004,San Lorenzo,ppd,"José ""Joe"" Román Abreu",male,"12,573",53.8,"10,231",43.8,347,1.5,,,,,,,,,,,,,,,,,"23,360"
2004,San Sebastián,pnp,Javier Jiménez Pérez,male,"11,979",44.8,"13,832",51.8,671,2.5,,,,,,,,,,,,,,,,,"26,719"
2004,Santa Isabel,pnp,"Enrique ""Quique"" Questell Alvarado",male,"5,532",45.6,"6,276",51.7,211,1.7,,,,,,,,,,,,,,,,,"12,134"
2004,Toa Alta,pnp,Luis Collazo Rivera,male,"14,176",46.8,"15,080",49.8,804,2.7,,,,,,,,,,,,,,,,,"30,274"
2004,Toa Baja,pnp,Aníbal Vega Borges,male,"17,756",39.5,"25,954",57.8,906,2,,,,,,,,,,,,,,,,,"44,919"
2004,Trujillo Alto,ppd,Pedro Padilla Ayela,male,"21,048",58.3,"13,626",37.7,"1,121",3.1,,,,,,,,,,,,,,,,,"36,133"
2004,Utuado,pnp,Alan Gonzalez Cancel,male,"9,372",45,"10,964",52.7,326,1.6,,,,,,,,,,,,,,,,,"20,820"
2004,Vega Alta,pnp,"Isabelo ""Chabelo"" Molina Hernández",male,"9,430",47,"10,044",50,412,2.1,,,,,,,,,,,,,,,,,"20,083"
2004,Vega Baja,pnp,Edgar Santana Rivera,male,"14,548",44.7,"17,045",52.4,556,1.7,,,,,,,,,,,,,,,155,0.5,"32,552"
2004,Vieques,ppd,Damasco Serrano Lopez,female,"2,367",43.9,"1,357",25.1,227,4.2,,,,,,,"1,336",24.8,,,,,,,,,"5,396"
2004,Villalba,ppd,Waldemar Riveral Torres,male,"7,881",50,"7,499",47.5,226,1.4,,,,,,,73,0.5,,,,,,,,,"15,771"
2004,Yabucoa,pnp,Angel S Garcia de Jesus,male,"10,592",47.8,"11,089",50,349,1.6,,,,,,,,,,,,,,,,,"22,181"
2004,Yauco,pnp,Abel Nazario Quiñones,male,"10,521",42.2,"13,764",55.2,482,1.9,,,,,,,,,,,,,,,,,"24,953"
2000,Adjuntas,ppd,ROBERTO VERA MONROIG,male,"5,965",50.4,"5,537",46.8,150,1.3,,,,,,,,,,,,,,,,,"11,828"
2000,Aguada,ppd,MIGUELITO RUIZ,male,"11,687",49.8,"11,203",47.7,383,1.6,,,,,,,,,,,,,,,,,"23,490"
2000,Aguadilla,pnp,CARLOS MENDEZ,male,"13,600",42.3,"17,604",54.7,641,2,,,,,,,,,,,,,,,,,"32,180"
2000,Aguas Buenas,pnp,BONNY DAVILA ROLDAN,male,"7,121",43.7,"8,269",50.8,757,4.6,,,,,,,,,,,,,,,,,"16,282"
2000,Aibonito,ppd,JOSE ALBERTO DIAZ (BERTITO),male,"7,016",43.9,"6,943",43.4,644,4,,,,,,,"1,205",7.5,,,,,,,,,"15,985"
2000,Añasco,pnp,PABLO CRESPO TORRES,male,"7,967",48.6,"8,070",49.2,209,1.3,,,,,,,,,,,,,,,,,"16,386"
2000,Arecibo,ppd,FRANKIE HERNANDEZ COLON,male,"27,935",50.6,"24,850",45,"1,770",3.2,,,,,,,,,,,,,,,,,"55,197"
2000,Arroyo,pnp,REINALDO PIRELA FIGUEROA,male,"4,931",45.7,"5,329",49.4,421,3.9,,,,,,,,,,,,,,,,,"10,785"
2000,Barceloneta,ppd,SOL LUIS FONTANES OLIVO,male,"6,989",54.3,"5,539",43,224,1.7,,,,,,,,,,,,,,,,,"12,878"
2000,Barranquitas,pnp,"FRANCISCO ""PACO"" LOPEZ",male,"7,517",44.6,"8,831",52.4,421,2.5,,,,,,,,,,,,,,,,,"16,839"
2000,Bayamón,pnp,RAMON LUIS RIVERA,male,"45,136",39.6,"63,367",55.6,"4,574",4,,,,,,,,,,,,,,,,,"113,964"
2000,Cabo Rojo,pnp,"SANTOS E. ""SAN"" PADILLA FERRER",male,"10,456",42.4,"12,206",49.5,"1,774",7.2,,,,,,,,,,,,,,,,,"24,679"
2000,Caguas,ppd,WILLIE MIRANDA MARIN,male,"41,343",55,"30,684",40.8,"2,684",3.6,,,,,,,,,,,,,,,,,"75,196"
2000,Camuy,pnp,WILLIAN ROSALES PEREZ,male,"9,586",46.4,"10,623",51.4,321,1.6,,,,,,,,,,,,,,,,,"20,681"
2000,Canóvanas,pnp,CHEMO SOTO,male,"8,986",41.8,"11,753",54.6,549,2.6,,,,,,,,,,,,,,,,,"21,509"
2000,Carolina,ppd,JOSE E. APONTE,male,"52,242",57,"36,195",39.5,"2,695",2.9,,,,,,,,,,,,,,,,,"91,652"
2000,Cataño,pnp,EDWIN RIVERA SIERRA (AMOLAO),male,"6,854",40.6,"9,469",56.1,403,2.4,,,,,,,,,,,,,,,,,"16,889"
2000,Cayey,ppd,ROLANDO ORTIZ,male,"15,599",58.6,"9,554",35.9,"1,220",4.6,,,,,,,,,,,,,,,,,"26,637"
2000,Ceiba,ppd,"GERARDO ""TOÑITO"" CRUZ",male,"3,531",50,"3,299",46.7,144,2,,,,,,,,,,,,,,,,,"7,058"
2000,Ciales,pnp,ANGEL OTERO,male,"5,849",48.3,"5,986",49.5,166,1.4,,,,,,,,,,,,,,,,,"12,102"
2000,Cidra,pnp,ANGEL L. MALAVE ZAYAS,male,"8,557",38.2,"12,649",56.5,"1,010",4.5,,,,,,,,,,,,,,,,,"22,397"
2000,Coamo,ppd,"JUAN C. ""TATO"" GARCIA",male,"11,156",52.6,"9,443",44.5,529,2.5,,,,,,,,,,,,,,,,,"21,226"
2000,Comerío,ppd,JOSE A. (JOSIAN) SANTIAGO,male,"6,232",50,"5,832",46.8,297,2.4,,,,,,,,,,,,,,,,,"12,454"
2000,Corozal,pnp,ROBERTO HERNANDEZ VELEZ,male,"9,936",46,"10,629",49.2,447,2.1,,,,,,,,,,,,,,,,,"21,617"
2000,Culebra,ppd,IVAN ROMERO PEÑA,male,650,55.6,499,42.6,13,1.1,,,,,,,,,,,,,,,,,"1,170"
2000,Dorado,ppd,CARLITOS LOPEZ,male,"11,770",62.6,"5,993",31.9,870,4.6,,,,,,,,,,,,,,,,,"18,791"
2000,Fajardo,pnp,ANIBAL MELENDEZ RIVERA,male,"6,318",34.1,"11,390",61.4,644,3.5,,,,,,,,,,,,,,,,,"18,536"
2000,Florida,ppd,"""MAGGIE"" GUZMAN",female,"2,894",41.2,"3,833",54.5,238,3.4,,,,,,,,,,,,,,,,,"7,030"
2000,Guánica,ppd,MARTIN VARGAS MORALES,male,"7,067",60,"4,379",37.2,270,2.3,,,,,,,,,,,,,,,,,"11,780"
2000,Guayama,ppd,HECTOR (GUI) COLON,male,"11,351",52.5,"9,415",43.6,622,2.9,,,,,,,,,,,,,,,,,"21,601"
2000,Guayanilla,ppd,EDGARDO ARLEQUIN VELEZ,male,"6,252",48.9,"6,016",47.1,417,3.3,,,,,,,,,,,,,,,,,"12,774"
2000,Guaynabo,pnp,HECTOR O'NEILL GARCIA,male,"16,851",33.3,"30,807",60.9,"2,478",4.9,,,,,,,,,,,,,,,,,"50,608"
2000,Gurabo,ppd,JOSE A. RIVERA,male,"9,803",52.4,"8,092",43.3,620,3.3,,,,,,,,,,,,,,,,,"18,699"
2000,Hatillo,ppd,JUAN L. CUEVAS CASTRO,male,"12,354",57.5,"8,618",40.1,319,1.5,,,,,,,,,,,,,,,,,"21,494"
2000,Hormigueros,ppd,FRANCISCO JAVIER,male,"6,334",61.8,"3,209",31.3,439,4.3,,,,,,,,,,,,,,,,,"10,246"
2000,Humacao,ppd,MARCELO TRUJILLO,male,"14,797",48.6,"14,483",47.6,965,3.2,,,,,,,,,,,,,,,,,"30,453"
2000,Isabela,ppd,CHARLIE DELGADO ALTIERI,male,"13,598",52.3,"11,783",45.3,477,1.8,,,,,,,,,,,,,,,,,"26,009"
2000,Jayuya,ppd,GEORGIE GONZALEZ OTERO,male,"5,513",52.7,"4,737",45.3,140,1.3,,,,,,,,,,,,,,,,,"10,459"
2000,Juana Díaz,ppd,RAMONCITO HERNANDEZ,male,"12,975",50.5,"12,057",46.9,509,2,,,,,,,,,,,,,,,,,"25,708"
2000,Juncos,ppd,"ALFREDO ""PAPO"" ALEJANDRO",male,"7,453",40.2,"3,846",20.8,359,1.9,,,,,,,,,,,,,,,,,"18,517"
2000,Lajas,ppd,"MARCOS ""TURIN"" IRIZARRY",male,"6,002",41.5,"5,492",38,356,2.5,,,,,,,"2,461",17,,,,,,,,,"14,464"
2000,Lares,ppd,LUIS A. OLIVER CANABAL,male,"9,475",51,"8,375",45.1,554,3,,,,,,,,,,,,,,,,,"18,578"
2000,Las Marías,pnp,EDWIN SOTO SANTIAGO,male,"2,885",43.7,"3,581",54.2,80,1.2,,,,,,,,,,,,,,,,,"6,603"
2000,Las Piedras,pnp,ANGEL R. PEÑA ROSA,male,"6,190",32.9,"12,023",64,427,2.3,,,,,,,,,,,,,,,,,"18,793"
2000,Loíza,pnp,FERDIN CARRASQUILLO AYALA,male,"5,367",39.1,"7,517",54.8,357,2.6,,,,,,,,,,,,,,,189,1.4,"13,715"
2000,Luquillo,pnp,"JOSE ""NELO"" GONZALEZ ORTIZ",male,"4,439",42.8,"5,521",53.2,335,3.2,,,,,,,,,,,,,,,,,"10,380"
2000,Manatí,pnp,JUAN AUBIN CRUZ MANZANO (BIN),male,"8,190",33.5,"15,279",62.6,711,2.9,,,,,,,,,,,,,,,,,"24,416"
2000,Maricao,pnp,GILBERTO PEREZ VALENTIN,male,"1,752",42.8,"2,288",55.8,23,0.6,,,,,,,,,,,,,,,,,"4,098"
2000,Maunabo,ppd,JORGE L. MARQUEZ PEREZ,male,"4,054",51.5,"3,549",45.1,201,2.6,,,,,,,,,,,,,,,,,"7,872"
2000,Mayagüez,ppd,JOSE GUILLERMO RODRIGUEZ,male,"29,569",57.3,"18,580",36,"2,611",5.1,,,,,,,,,,,,,,,,,"51,594"
2000,Moca,pnp,KIKO AVILES,male,"9,728",42.8,"12,435",54.8,385,1.7,,,,,,,,,,,,,,,,,"22,705"
2000,Morovis,ppd,FRANCISCO L. (PAQUITO) RODRIGUEZ,male,"8,644",50.7,"8,099",47.5,184,1.1,,,,,,,,,,,,,,,,,"17,038"
2000,Naguabo,pnp,ROBERT BAEZ,male,"6,278",46,"6,931",50.8,336,2.5,,,,,,,,,,,,,,,,,"13,645"
2000,Naranjito,ppd,MANUEL (MANOLO) ORTEGA,male,"9,596",52.3,"8,235",44.9,426,2.3,,,,,,,,,,,,,,,,,"18,345"
2000,Orocovis,pnp,JESUS E. COLON BERLINGERI,male,"7,308",48.1,"7,641",50.3,135,0.9,,,,,,,,,,,,,,,,,"15,180"
2000,Patillas,pnp,BENJAMIN CINTRON LEBRON,male,"5,716",46.7,"6,114",50,260,2.1,,,,,,,,,,,,,,,,,"12,232"
2000,Peñuelas,ppd,WALTER TORRES MALDONADO,male,"7,243",51.5,"6,044",43,626,4.5,,,,,,,,,,,,,,,,,"14,060"
2000,Ponce,ppd,RAFAEL (CHURUMBA) CORDERO SANTIAGO,male,"49,858",55.7,"36,999",41.3,"2,092",2.3,,,,,,,,,,,,,,,,,"89,572"
2000,Quebradillas,pnp,LUIS A. PEREZ REILLO,male,"7,245",47.6,"7,576",49.8,294,1.9,,,,,,,,,,,,,,,,,"15,221"
2000,Rincón,ppd,"CARLOS ""CARLITOS"" LOPEZ",male,"5,356",58.4,"3,678",40.1,70,0.8,,,,,,,,,,,,,,,,,"9,174"
2000,Río Grande,pnp,PACHECO,male,"11,303",45.9,"12,049",48.9,902,3.7,,,,,,,,,,,,,,,22,0.1,"24,621"
2000,Sabana Grande,ppd,MIGUEL (PAPIN) ORTIZ,male,"9,034",60.7,"5,425",36.5,281,1.9,,,,,,,,,,,,,,,,,"14,874"
2000,Salinas,ppd,ABRAHAM LOPEZ MARTINEZ,male,"7,935",49.4,"7,575",47.1,430,2.7,,,,,,,,,,,,,,,,,"16,069"
2000,San Germán,ppd,ISIDRO NEGRON,male,"11,673",55.2,"7,977",37.7,552,2.6,,,,,,,,,,,,,,,,,"21,145"
2000,San Juan,pnp,JORGE SANTINI,male,"97,383",46.3,"101,012",48,"10,753",5.1,,,,,,,,,,,,,,,,,"210,526"
2000,San Lorenzo,ppd,JOE ROMAN,male,"12,435",55.1,"9,425",41.8,500,2.2,,,,,,,,,,,,,,,,,"22,566"
2000,San Sebastián,pnp,JUSTO MEDINA ESTEVES,male,"12,061",45.6,"13,343",50.4,836,3.2,,,,,,,,,,,,,,,,,"26,477"
2000,Santa Isabel,ppd,ANGEL M. SANCHEZ (SI),male,"5,648",48.7,"5,572",48.1,287,2.5,,,,,,,,,,,,,,,,,"11,595"
2000,Toa Alta,ppd,RAFAEL (RAFAELITO) LOPEZ,male,"12,635",44.2,"9,238",32.4,960,3.4,,,,,,,"5,532",19.4,,,,,,,,,"28,554"
2000,Toa Baja,ppd,VICTOR SANTIAGO DIAZ,male,"22,456",49.8,"20,226",44.9,"1,928",4.3,,,,,,,,,,,,,,,,,"45,078"
2000,Trujillo Alto,ppd,PEDRO PADILLA,male,"22,465",61.3,"12,379",33.8,"1,470",4,,,,,,,,,,,,,,,,,"36,644"
2000,Utuado,pnp,ALAN GONZALEZ,male,"10,273",48.6,"10,360",49,338,1.6,,,,,,,,,,,,,,,,,"21,124"
2000,Vega Alta,ppd,JUAN M. (MANE) CRUZADO,male,"9,867",48.8,"9,651",47.7,544,2.7,,,,,,,,,,,,,,,,,"20,239"
2000,Vega Baja,ppd,LUIS E. MELENDEZ CANO,male,"16,783",52.2,"14,212",44.2,883,2.7,,,,,,,,,,,,,,,,,"32,140"
2000,Vieques,ppd,DAMASO SERRANO,male,"3,475",64,"1,697",31.3,194,3.6,,,,,,,,,,,,,,,,,"5,430"
2000,Villalba,ppd,ORLANDO TORRES,male,"6,835",45.9,"1,093",7.3,187,1.3,,,,,,,"6,617",44.5,,,,,,,,,"14,876"
2000,Yabucoa,pnp,ANGEL (PAPO) GARCIA,male,"10,895",47.7,"11,247",49.3,526,2.3,,,,,,,,,,,,,,,,,"22,832"
2000,Yauco,pnp,ABEL NAZARIO QUIÑONES,male,"10,969",44.5,"12,668",51.4,735,3,,,,,,,,,,,,,,,,,"24,633"
1996,Adjuntas,ppd,ROBERTO VERA MONROIG,male,"5,764",49.5,"5,621",48.3,128,1.1,,,,,,,,,,,,,,,,,"11,646"
1996,Aguada,pnp,Yuyo Roman,male,"9,955",45.2,"11,527",52.4,300,1.4,,,,,,,,,,,,,,,,,"22,017"
1996,Aguadilla,pnp,CARLOS MENDEZ,male,"13,270",41.1,"18,099",56.1,560,1.7,,,,,,,,,,,,,,,,,"32,250"
1996,Aguas Buenas,pnp,Carlos Aponte,male,"5,881",36.6,"9,406",58.6,651,4.1,,,,,,,,,,,,,,,,,"16,062"
1996,Aibonito,ppd,JOSE ALBERTO DIAZ (BERTITO),male,"5,076",33.6,"4,669",30.9,"2,313",15.3,,,,,,,,,,,,,,,,,"15,094"
1996,Añasco,pnp,PABLO CRESPO TORRES,male,"7,052",43.9,"8,707",54.2,171,1.1,,,,,,,,,,,,,,,,,"16,060"
1996,Arecibo,pnp,Angel Roman,male,"25,924",46.1,"28,147",50,"1,596",2.8,,,,,,,,,,,,,,,,,"56,276"
1996,Arroyo,pnp,REINALDO PIRELA FIGUEROA,male,"5,000",45.8,"5,579",51.1,253,2.3,,,,,,,,,,,,,,,,,"10,911"
1996,Barceloneta,ppd,SOL LUIS FONTANES OLIVO,male,"7,072",51.9,"6,276",46,174,1.3,,,,,,,,,,,,,,,,,"13,633"
1996,Barranquitas,pnp,"FRANCISCO ""PACO"" LOPEZ",male,"7,468",46.6,"8,099",50.6,346,2.2,,,,,,,,,,,,,,,,,"16,021"
1996,Bayamón,pnp,RAMON LUIS RIVERA,male,"38,207",33.2,"72,025",62.7,"3,804",3.3,,,,,,,,,,,,,,,,,"114,945"
1996,Cabo Rojo,pnp,"SANTOS E. ""SAN"" PADILLA FERRER",male,"10,348",44,"12,031",51.1,902,3.8,,,,,,,,,,,,,,,,,"23,538"
1996,Caguas,ppd,WILLIE MIRANDA MARIN,male,"37,368",50.7,"32,719",44.4,"2,602",3.5,,,,,,,,,,,,,,,,,"73,713"
1996,Camuy,pnp,WILLIAN ROSALES PEREZ,male,"8,726",43.8,"10,834",54.3,231,1.2,,,,,,,,,,,,,,,,,"19,941"
1996,Canóvanas,pnp,Jose CHEMO SOTO,male,"7,945",37.3,"12,772",60,339,1.6,,,,,,,,,,,,,,,,,"21,288"
1996,Carolina,ppd,JOSE E. APONTE,male,"49,144",53.9,"38,997",42.8,"2,317",2.5,,,,,,,,,,,,,,,,,"91,190"
1996,Cataño,ppd,EDWIN RIVERA SIERRA (AMOLAO),male,"7,352",44.8,"8,317",50.7,252,1.5,,,,,,,,,,,,,,,,,"16,403"
1996,Cayey,ppd,ROLANDO ORTIZ,male,"11,816",45.8,"10,771",41.7,769,3,,,,,,,,,,,,,,,,,"25,802"
1996,Ceiba,ppd,"GERARDO ""TOÑITO"" CRUZ",male,"3,564",49.7,"3,386",47.3,129,1.8,,,,,,,,,,,,,,,,,"7,166"
1996,Ciales,pnp,ANGEL OTERO,male,"4,779",41.4,"6,519",56.4,187,1.6,,,,,,,,,,,,,,,,,"11,553"
1996,Cidra,pnp,ANGEL L. MALAVE ZAYAS,male,"6,566",31.6,"13,182",63.4,862,4.1,,,,,,,,,,,,,,,,,"20,792"
1996,Coamo,pnp,Margarita Nolasco Santiago,female,"8,841",43.5,"10,148",49.9,214,1.1,,,,,,,678,3.3,,,,,,,,,"20,337"
1996,Comerío,pnp,Luis Antonio Rivera,male,"5,784",47,"6,212",50.5,225,1.8,,,,,,,,,,,,,,,,,"12,296"
1996,Corozal,pnp,Carlos Serra Velez,male,"8,573",41.4,"11,713",56.5,292,1.4,,,,,,,,,,,,,,,,,"20,718"
1996,Culebra,pnp,Abraham Pena Nieves,male,508,47.2,525,48.8,11,1,,,,,,,26,2.4,,,,,,,,,"1,076"
1996,Dorado,ppd,CARLITOS LOPEZ,male,"9,896",54.3,"7,425",40.7,660,3.6,,,,,,,,,,,,,,,,,"18,236"
1996,Fajardo,pnp,ANIBAL MELENDEZ RIVERA,male,"7,908",41.7,"10,295",54.3,526,2.8,,,,,,,,,,,,,,,,,"18,954"
1996,Florida,pnp,"""MAGGIE"" GUZMAN",female,"2,450",41.7,"3,253",55.4,136,2.3,,,,,,,,,,,,,,,,,"5,876"
1996,Guánica,pnp,Edwin Galarza Quinones,male,"5,331",46.8,"5,731",50.3,222,1.9,,,,,,,,,,,,,,,,,"11,398"
1996,Guayama,ppd,HECTOR (GUI) COLON,male,"11,946",56,"8,464",39.7,518,2.4,,,,,,,,,,,,,,,,,"21,317"
1996,Guayanilla,pnp,Ceferino Pacheco Guidicelli,male,"5,546",43.7,"6,686",52.7,342,2.7,,,,,,,,,,,,,,,,,"12,684"
1996,Guaynabo,pnp,HECTOR O'NEILL GARCIA,male,"18,127",36.3,"29,852",59.8,"1,259",2.5,,,,,,,,,,,,,,,,,"49,910"
1996,Gurabo,pnp,Victor Rivera Acevedo,male,"7,780",43.8,"9,380",52.8,450,2.5,,,,,,,,,,,,,,,,,"17,763"
1996,Hatillo,ppd,JUAN L. CUEVAS CASTRO,male,"10,771",51.1,"9,834",46.7,293,1.4,,,,,,,,,,,,,,,,,"21,067"
1996,Hormigueros,ppd,FRANCISCO JAVIER,male,"4,470",45,"3,059",30.8,534,5.4,,,,,,,"1,675",16.9,,,,,,,,,"9,933"
1996,Humacao,pnp,Julio Cesar,male,"14,214",47.3,"14,943",49.7,675,2.2,,,,,,,,,,,,,,,,,"30,074"
1996,Isabela,pnp,Carmelo Perez Rivera,male,"11,966",47.3,"12,915",51,258,1,,,,,,,,,,,,,,,,,"25,312"
1996,Jayuya,ppd,GEORGIE GONZALEZ OTERO,male,"4,893",49.2,"4,838",48.6,152,1.5,,,,,,,,,,,,,,,,,"9,951"
1996,Juana Díaz,pnp,Santiago Martinez Irizarry,male,"11,653",46.1,"13,134",52,293,1.2,,,,,,,,,,,,,,,,,"25,280"
1996,Juncos,pnp,Gilberto Conde Roman,male,"8,530",47.4,"9,013",50,260,1.4,,,,,,,,,,,,,,,,,"18,010"
1996,Lajas,ppd,"MARCOS ""TURIN"" IRIZARRY",male,"5,409",39,"3,806",27.4,163,1.2,,,,,,,,,,,,,,,,,"13,872"
1996,Lares,ppd,LUIS A. OLIVER CANABAL,male,"9,474",51.8,"8,368",45.8,285,1.6,,,,,,,,,,,,,,,,,"18,282"
1996,Las Marías,pnp,EDWIN SOTO SANTIAGO,male,"2,922",48.1,"3,045",50.1,64,1.1,,,,,,,,,,,,,,,,,"6,078"
1996,Las Piedras,pnp,ANGEL R. PEÑA ROSA,male,"5,615",31.4,"11,881",66.4,257,1.4,,,,,,,,,,,,,,,,,"17,900"
1996,Loíza,pnp,FERDIN CARRASQUILLO AYALA,male,"3,964",29.4,"8,775",65,233,1.7,,,,,,,168,1.2,,,,,,,,,"13,504"
1996,Luquillo,pnp,Edna Figueroa Gomez,female,"4,232",40.4,"5,956",56.9,172,1.6,,,,,,,,,,,,,,,,,"10,474"
1996,Manatí,pnp,JUAN AUBIN CRUZ MANZANO (BIN),male,"8,342",34.3,"14,915",61.4,788,3.2,,,,,,,,,,,,,,,,,"24,299"
1996,Maricao,pnp,GILBERTO PEREZ VALENTIN,male,"1,579",39.6,"2,339",58.7,23,0.6,,,,,,,10,0.3,,,,,,,,,"3,987"
1996,Maunabo,pnp,Erasto Fernandez Perales,male,"3,207",42.8,"3,943",52.6,245,3.3,,,,,,,,,,,,,,,,,"7,494"
1996,Mayagüez,ppd,JOSE GUILLERMO RODRIGUEZ,male,"30,170",56.6,"20,352",38.2,"2,077",3.9,,,,,,,,,,,,,,,,,"53,304"
1996,Moca,pnp,EustaquioTakio Velez,male,"8,664",41.8,"11,478",55.3,383,1.8,,,,,,,,,,,,,,,,,"20,743"
1996,Morovis,pnp,Ramon Russe Gonzalez,male,"7,738",48.2,"8,061",50.2,167,1,,,,,,,,,,,,,,,,,"16,068"
1996,Naguabo,pnp,Jose Melendez,male,"5,915",44.7,"6,907",52.3,257,1.9,,,,,,,,,,,,,,,,,"13,219"
1996,Naranjito,ppd,Alfredo Serrano Rodriguez,male,"9,454",54.3,"7,371",42.3,440,2.5,,,,,,,,,,,,,,,,,"17,418"
1996,Orocovis,pnp,Jesus Colon Collazo,male,"6,749",47.7,"7,137",50.5,163,1.2,,,,,,,,,,,,,,,,,"14,143"
1996,Patillas,pnp,Pilar Rodriguez Rivera,female,"5,744",47.6,"5,865",48.6,325,2.7,,,,,,,,,,,,,,,,,"12,068"
1996,Peñuelas,ppd,WALTER TORRES MALDONADO,male,"6,477",47,"6,374",46.2,769,5.6,,,,,,,,,,,,,,,,,"13,786"
1996,Ponce,ppd,RAFAEL (CHURUMBA) CORDERO SANTIAGO,male,"54,255",58.9,"35,127",38.1,"1,789",1.9,,,,,,,,,,,,,,,,,"92,177"
1996,Quebradillas,pnp,LUIS A. PEREZ REILLO,male,"6,422",45.1,"7,380",51.9,266,1.9,,,,,,,,,,,,,,,,,"14,224"
1996,Rincón,pnp,"CARLOS ""CARLITOS"" LOPEZ",male,"4,099",47.9,"4,278",50,61,0.7,,,,,,,,,,,,,,,,,"8,550"
1996,Río Grande,pnp,Cesar Mendez Otero,male,"10,477",43.4,"12,301",50.9,459,1.9,,,,,,,352,1.5,,,,,,,251,1,"24,144"
1996,Sabana Grande,pnp,MIGUEL (PAPIN) ORTIZ,male,"8,338",57.9,"5,606",38.9,237,1.6,,,,,,,,,,,,,,,,,"14,394"
1996,Salinas,pnp,Basilio Baerga Paravisini,male,"7,013",45.5,"7,768",50.4,484,3.1,,,,,,,,,,,,,,,,,"15,408"
1996,San Germán,pnp,Isaac Llantin Ballester,male,"9,330",43.7,"10,916",51.2,552,2.6,,,,,,,,,,,,,,,,,"21,333"
1996,San Juan,ppd,Sila Calderon,female,"105,940",50.4,"97,572",46.4,"5,330",2.5,,,,,,,,,,,,,,,,,"210,220"
1996,San Lorenzo,pnp,Victor Figueroa Orozco,male,"9,352",43.1,"11,703",53.9,459,2.1,,,,,,,,,,,,,,,,,"21,715"
1996,San Sebastián,pnp,JUSTO MEDINA ESTEVES,male,"10,457",40.9,"14,120",55.3,706,2.8,,,,,,,,,,,,,,,,,"25,541"
1996,Santa Isabel,ppd,ANGEL M. SANCHEZ (SI),male,"5,700",50.4,"5,350",47.3,177,1.6,,,,,,,,,,,,,,,,,"11,309"
1996,Toa Alta,pnp,Angel Rodriguez Cabrera,male,"8,736",34.3,"15,317",60.1,"1,160",4.6,,,,,,,,,,,,,,,,,"25,492"
1996,Toa Baja,pnp,Victor Soto,male,"19,150",42.5,"24,199",53.8,"1,282",2.8,,,,,,,,,,,,,,,,,"45,010"
1996,Trujillo Alto,pnp,Brunnie Soto,female,"16,122",47.4,"16,131",47.5,"1,387",4.1,,,,,,,,,,,,,,,,,"33,982"
1996,Utuado,pnp,Juan Luis Ortiz Montalvo,male,"9,584",45.5,"10,975",52.1,282,1.3,,,,,,,,,,,,,,,,,"21,065"
1996,Vega Alta,pnp,Isabelo Molina,male,"9,084",45.5,"10,302",51.6,397,2,,,,,,,,,,,,,,,,,"19,968"
1996,Vega Baja,ppd,LUIS E. MELENDEZ CANO,male,"17,966",56.9,"12,491",39.6,814,2.6,,,,,,,,,,,,,,,,,"31,574"
1996,Vieques,pnp,Manuela Santiago Collazo,female,"2,658",48.3,"2,702",49.1,94,1.7,,,,,,,,,,,,,,,,,"5,501"
1996,Villalba,pnp,Bernando Negron Montalvo,male,"5,805",40.7,"8,131",57,206,1.4,,,,,,,,,,,,,,,,,"14,255"
1996,Yabucoa,ppd,Angel Luis Ramos,male,"11,097",49.4,"10,781",48,410,1.8,,,,,,,,,,,,,,,,,"22,471"
1996,Yauco,ppd,Pedro Jaime Torres,male,"12,052",49.9,"10,715",44.3,873,3.6,,,,,,,,,,,,,,,,,"24,171"
1992,Adjuntas,pnp,ROBERTO VERA MONROIG,male,"5,113",46,"5,819",52.3,179,1.6,,,,,,,,,,,,,,,,,"11,120"
1992,Aguada,pnp,Yuyo Roman,male,"8,500",42.3,"11,106",55.3,471,2.4,,,,,,,,,,,,,,,,,"20,081"
1992,Aguadilla,pnp,Ramon Calero,male,"10,016",33.6,"14,992",50.3,738,2.5,,,,,,,,,,,,,,,,,"29,785"
1992,Aguas Buenas,pnp,Carlos Aponte,male,"5,941",39.2,"8,745",57.7,465,3.1,,,,,,,,,,,,,,,,,"15,151"
1992,Aibonito,ppd,Franscisco Santos,male,"6,044",42.6,"5,315",37.5,"2,492",17.6,,,,,,,69,0.5,,,,,,,,,"14,175"
1992,Añasco,pnp,PABLO CRESPO TORRES,male,"7,026",45.5,"8,263",53.5,150,1,,,,,,,,,,,,,,,,,"15,444"
1992,Arecibo,pnp,Angel Roman,male,"24,167",44.9,"28,123",52.3,"1,515",2.8,,,,,,,,,,,,,,,,,"53,818"
1992,Arroyo,pnp,REINALDO PIRELA FIGUEROA,male,"4,944",46.6,"5,362",50.6,297,2.8,,,,,,,,,,,,,,,,,"10,605"
1992,Barceloneta,ppd,SOL LUIS FONTANES OLIVO,male,"6,208",49.2,"6,132",48.6,232,1.8,,,,,,,45,0.4,,,,,,,,,"12,623"
1992,Barranquitas,pnp,Jose Zayas Green,male,"6,817",44.3,"8,234",53.5,327,2.1,,,,,,,,,,,,,,,,,"15,381"
1992,Bayamón,pnp,RAMON LUIS RIVERA,male,"36,407",31.8,"74,114",64.8,"3,842",3.4,,,,,,,,,,,,,,,,,"114,392"
1992,Cabo Rojo,ppd,"SANTOS E. ""SAN"" PADILLA FERRER",male,"11,223",50.9,"9,970",45.2,797,3.6,,,,,,,,,,,,,,,,,"22,066"
1992,Caguas,ppd,Angel Berrios,male,"33,571",48.5,"32,331",46.7,"3,283",4.7,,,,,,,,,,,,,,,,,"69,211"
1992,Camuy,pnp,WILLIAN ROSALES PEREZ,male,"7,856",43.3,"10,018",55.3,239,1.3,,,,,,,,,,,,,,,,,"18,130"
1992,Canóvanas,pnp,Jose CHEMO SOTO,male,"9,055",47,"9,639",50,565,2.9,,,,,,,,,,,,,,,,,"19,287"
1992,Carolina,ppd,JOSE E. APONTE,male,"48,749",54.7,"37,732",42.3,"2,642",3,,,,,,,,,,,,,,,,,"89,151"
1992,Cataño,pnp,EDWIN RIVERA SIERRA (AMOLAO),male,"6,963",45.6,"7,865",51.5,411,2.7,,,,,,,,,,,,,,,,,"15,262"
1992,Cayey,ppd,Daniel Oquendo,male,"13,401",55.8,"7,921",33,"2,694",11.2,,,,,,,,,,,,,,,,,"24,031"
1992,Ceiba,pnp,Irma Pedraza de Ortiz,female,"3,193",45.9,"3,672",52.8,91,1.3,,,,,,,,,,,,,,,,,"6,959"
1992,Ciales,pnp,ANGEL OTERO,male,"4,738",44.1,"5,793",53.9,207,1.9,,,,,,,,,,,,,,,,,"10,740"
1992,Cidra,pnp,ANGEL L. MALAVE ZAYAS,male,"7,272",37.6,"11,053",57.2,"1,007",5.2,,,,,,,,,,,,,,,,,"19,336"
1992,Coamo,ppd,Carlos Ruiz Torres,male,"9,932",52.4,"8,634",45.5,363,1.9,,,,,,,,,,,,,,,,,"18,959"
1992,Comerío,pnp,Luis Antonio Rivera,male,"5,574",47,"6,058",51.1,224,1.9,,,,,,,,,,,,,,,,,"11,858"
1992,Corozal,pnp,Carlos Serra Velez,male,"8,138",41.4,"11,173",56.8,354,1.8,,,,,,,,,,,,,,,,,"19,670"
1992,Culebra,ppd,Anastacio Soto Ayala,male,496,48.8,453,44.5,68,6.7,,,,,,,,,,,,,,,,,"1,017"
1992,Dorado,pnp,CARLITOS LOPEZ,male,"9,431",54.4,"7,493",43.2,394,2.3,,,,,,,,,,,,,,,,,"17,325"
1992,Fajardo,ppd,ANIBAL MELENDEZ RIVERA,male,"7,305",39.1,"10,901",58.3,481,2.6,,,,,,,,,,,,,,,,,"18,701"
1992,Florida,ppd,"""MAGGIE"" GUZMAN",female,"2,546",47.5,"2,643",49.3,175,3.3,,,,,,,,,,,,,,,,,"5,365"
1992,Guánica,pnp,Edwin Galarza Quinones,male,"4,354",41.4,"5,728",54.5,361,3.4,,,,,,,54,0.5,,,,,,,,,"10,507"
1992,Guayama,ppd,HECTOR (GUI) COLON,male,"11,243",55.4,"8,454",41.6,589,2.9,,,,,,,,,,,,,,,,,"20,311"
1992,Guayanilla,pnp,Ceferino Pacheco Guidicelli,male,"5,362",45.1,"6,154",51.8,349,2.9,,,,,,,,,,,,,,,,,"11,883"
1992,Guaynabo,pnp,Alejandro Cruz,male,"17,493",36.8,"28,010",58.9,"2,049",4.3,,,,,,,,,,,,,,,,,"47,599"
1992,Gurabo,pnp,Victor Rivera Acevedo,male,"7,763",47.7,"8,238",50.6,286,1.8,,,,,,,,,,,,,,,,,"16,290"
1992,Hatillo,ppd,JUAN L. CUEVAS CASTRO,male,"9,614",49.3,"9,604",49.3,277,1.4,,,,,,,,,,,,,,,,,"19,498"
1992,Hormigueros,ppd,Melanio Bobe Acevedo,male,"5,501",60.7,"3,137",34.6,372,4.1,,,,,,,,,,,,,,,,,"9,056"
1992,Humacao,pnp,Julio Cesar,male,"13,267",47.4,"13,303",47.5,"1,398",5,,,,,,,,,,,,,,,,,"27,985"
1992,Isabela,pnp,Carmelo Perez Rivera,male,"10,672",46.6,"11,833",51.6,406,1.8,,,,,,,,,,,,,,,,,"22,925"
1992,Jayuya,pnp,Jose Rivera,male,"4,243",46.2,"4,751",51.7,194,2.1,,,,,,,,,,,,,,,,,"9,189"
1992,Juana Díaz,pnp,Santiago Martinez Irizarry,male,"10,507",44.3,"12,276",51.8,344,1.5,,,,,,,,,,,,,,,,,"23,703"
1992,Juncos,pnp,Gilberto Conde Roman,male,"7,600",44.6,"9,144",53.7,283,1.7,,,,,,,,,,,,,,,,,"17,029"
1992,Lajas,ppd,Jose Rivera Nazario,male,"6,505",50.7,"4,565",35.6,468,3.7,,,,,,,,,,,,,,,,,"12,836"
1992,Lares,pnp,Herctor Hernandez,male,"7,724",46.7,"8,434",51,381,2.3,,,,,,,,,,,,,,,,,"16,549"
1992,Las Marías,ppd,Adrian  Acevedo,male,"2,849",51.9,"2,518",45.9,107,2,,,,,,,,,,,,,,,,,"5,485"
1992,Las Piedras,pnp,ANGEL R. PEÑA ROSA,male,"6,706",40.4,"9,652",58.1,249,1.5,,,,,,,,,,,,,,,,,"16,613"
1992,Loíza,pnp,FERDIN CARRASQUILLO AYALA,male,"3,907",29.7,"8,929",68,296,2.3,,,,,,,,,,,,,,,,,"13,141"
1992,Luquillo,pnp,Edna Figueroa Gomez,female,"4,385",43.6,"5,425",53.9,221,2.2,,,,,,,,,,,,,,,,,"10,061"
1992,Manatí,pnp,JUAN AUBIN CRUZ MANZANO (BIN),male,"9,573",40.5,"13,599",57.5,457,1.9,,,,,,,,,,,,,,,,,"23,636"
1992,Maricao,pnp,GILBERTO PEREZ VALENTIN,male,"1,610",43.5,"2,066",55.8,26,0.7,,,,,,,,,,,,,,,,,"3,702"
1992,Maunabo,pnp,Erasto Fernandez Perales,male,"3,315",45.5,"3,715",50.9,262,3.6,,,,,,,,,,,,,,,,,"7,293"
1992,Mayagüez,ppd,JOSE GUILLERMO RODRIGUEZ,male,"30,534",58,"19,634",37.3,"2,510",4.8,,,,,,,,,,,,,,,,,"52,686"
1992,Moca,pnp,EustaquioTakio Velez,male,"6,798",37.6,"10,654",58.9,622,3.4,,,,,,,,,,,,,,,,,"18,097"
1992,Morovis,pnp,Ramon Russe Gonzalez,male,"6,727",45.5,"7,781",52.7,255,1.7,,,,,,,,,,,,,,,,,"14,776"
1992,Naguabo,pnp,Jose Melendez,male,"6,153",48.1,"6,394",50,235,1.8,,,,,,,,,,,,,,,,,"12,785"
1992,Naranjito,ppd,Alfredo Serrano Rodriguez,male,"7,833",47.1,"7,076",42.6,360,2.2,,,,,,,,,,,,,,,,,"16,617"
1992,Orocovis,pnp,Jesus Colon Collazo,male,"5,311",40.7,"7,502",57.5,238,1.8,,,,,,,,,,,,,,,,,"13,052"
1992,Patillas,pnp,Pilar Rodriguez Rivera,female,"5,289",45.7,"5,973",51.6,310,2.7,,,,,,,,,,,,,,,,,"11,576"
1992,Peñuelas,pnp,Ramon Rivera,male,"5,650",44.2,"6,674",52.2,457,3.6,,,,,,,,,,,,,,,,,"12,784"
1992,Ponce,ppd,RAFAEL (CHURUMBA) CORDERO SANTIAGO,male,"52,602",59.2,"34,602",38.9,"1,672",1.9,,,,,,,,,,,,,,,,,"88,896"
1992,Quebradillas,ppd,Johnny Rivera Vargas,male,"6,724",51.7,"6,013",46.3,253,2,,,,,,,,,,,,,,,,,"12,997"
1992,Rincón,pnp,Ruben Caro Muniz,male,"1,232",16,"3,829",49.8,107,1.4,,,,,,,,,,,,,,,,,"7,689"
1992,Río Grande,pnp,Wilfredo Mercado,male,"9,519",41.6,"12,924",56.5,413,1.8,,,,,,,,,,,,,,,,,"22,858"
1992,Sabana Grande,ppd,MIGUEL (PAPIN) ORTIZ,male,"7,818",58.6,"5,309",39.8,193,1.5,,,,,,,,,,,,,,,,,"13,347"
1992,Salinas,pnp,Basilio Baerga Paravisini,male,"6,142",41.9,"8,312",56.6,218,1.5,,,,,,,,,,,,,,,,,"14,674"
1992,San Germán,ppd,Jorge Alberto Ramos Comas,male,"11,057",55.3,"8,509",42.6,402,2,,,,,,,,,,,,,,,,,"19,986"
1992,San Juan,ppd,Hector Luis Acevedo,male,"101,432",48.7,"99,644",47.8,"7,396",3.6,,,,,,,,,,,,,,,,,"208,498"
1992,San Lorenzo,pnp,Victor Figueroa Orozco,male,"8,239",39.7,"12,003",57.8,507,2.4,,,,,,,,,,,,,,,,,"20,757"
1992,San Sebastián,pnp,JUSTO MEDINA ESTEVES,male,"10,337",44.7,"12,118",52.4,654,2.8,,,,,,,,,,,,,,,,,"23,127"
1992,Santa Isabel,pnp,Roque Delpin Reyes,male,"4,867",45.3,"5,701",53.1,158,1.5,,,,,,,,,,,,,,,,,"10,734"
1992,Toa Alta,pnp,Angel Rodriguez Cabrera,male,"7,963",36.6,"12,867",59.2,907,4.2,,,,,,,,,,,,,,,,,"21,741"
1992,Toa Baja,pnp,Victor Soto,male,"17,722",41.4,"22,898",53.5,"1,835",4.3,,,,,,,73,0.2,,,,,,,,,"42,779"
1992,Trujillo Alto,ppd,Raymond Rivera Fuster,male,"15,098",48.7,"14,542",46.9,"1,339",4.3,,,,,,,,,,,,,,,,,"31,018"
1992,Utuado,pnp,Juan Luis Ortiz Montalvo,male,"8,772",42.7,"11,246",54.8,313,1.5,,,,,,,199,1,,,,,,,,,"20,534"
1992,Vega Alta,pnp,Isabelo Molina,male,"8,787",47.9,"9,013",49.1,542,3,,,,,,,,,,,,,,,,,"18,357"
1992,Vega Baja,ppd,LUIS E. MELENDEZ CANO,male,"16,123",53.8,"13,244",44.2,590,2,,,,,,,,,,,,,,,,,"29,959"
1992,Vieques,pnp,Manuela Santiago Collazo,female,"2,144",39.1,"3,008",54.8,82,1.5,,,,,,,202,3.7,,,,,,,43,0.8,"5,487"
1992,Villalba,pnp,Bernando Negron Montalvo,male,"5,622",42.5,"7,438",56.2,166,1.3,,,,,,,,,,,,,,,,,"13,227"
1992,Yabucoa,pnp,Luis Francisco Diaz,male,"10,155",47.6,"10,899",51,297,1.4,,,,,,,,,,,,,,,,,"21,357"
1992,Yauco,ppd,William Cintron,male,"11,212",49.3,"10,361",45.5,"1,086",4.8,,,,,,,,,,,,,,,,,"22,750"
1988,Adjuntas,pnp,,,"5,152",46.5,"5,777",52.2,147,1.3,,,,,,,,,,,,,,,,,"11,076"
1988,Aguada,pnp,,,"7,697",42,"10,215",55.7,414,2.3,,,,,,,,,,,,,,,,,"18,326"
1988,Aguadilla,pnp,,,"14,098",48,"14,636",49.8,657,2.2,,,,,,,,,,,,,,,,,"29,391"
1988,Aguas Buenas,pnp,,,"6,615",47.1,"6,831",48.6,607,4.3,,,,,,,,,,,,,,,,,"14,053"
1988,Aibonito,ppd,,,"6,771",52.2,"4,915",37.9,"1,289",9.9,,,,,,,,,,,,,,,,,"12,975"
1988,Añasco,pnp,,,"6,873",47.1,"7,539",51.7,167,1.1,,,,,,,,,,,,,,,,,"14,579"
1988,Arecibo,pnp,,,"26,996",51.9,"23,837",45.9,"1,143",2.2,,,,,,,,,,,,,,,,,"51,976"
1988,Arroyo,pnp,,,"5,066",51.3,"4,451",45.1,356,3.6,,,,,,,,,,,,,,,,,"9,873"
1988,Barceloneta,ppd,,,"6,251",52.2,"5,550",46.3,174,1.5,,,,,,,,,,,,,,,,,"11,975"
1988,Barranquitas,ppd,,,"7,001",50,"6,444",46.1,545,3.9,,,,,,,,,,,,,,,,,"13,990"
1988,Bayamón,pnp,,,"40,150",36,"68,306",61.2,"3,109",2.8,,,,,,,,,,,,,,,,,"111,565"
1988,Cabo Rojo,independent,,,"5,872",27.8,"4,924",23.3,476,2.3,,,,,,,"9,833",46.6,,,,,,,,,"21,105"
1988,Caguas,ppd,,,"34,777",52.8,"28,014",42.5,"3,054",4.6,,,,,,,,,,,,,,,,,"65,845"
1988,Camuy,pnp,,,"8,078",49,"8,134",49.3,285,1.7,,,,,,,,,,,,,,,,,"16,497"
1988,Canóvanas,ppd,,,"10,465",58.8,"6,798",38.2,537,3,,,,,,,,,,,,,,,,,"17,800"
1988,Carolina,ppd,,,"42,769",49.7,"40,545",47.1,"2,681",3.1,,,,,,,,,,,,,,,,,"85,995"
1988,Cataño,pnp,,,"6,232",41.4,"8,307",55.2,523,3.5,,,,,,,,,,,,,,,,,"15,062"
1988,Cayey,ppd,,,"14,185",60.9,"8,311",35.7,790,3.4,,,,,,,,,,,,,,,,,"23,286"
1988,Ceiba,ppd,,,"3,478",52,"3,093",46.3,113,1.7,,,,,,,,,,,,,,,,,"6,684"
1988,Ciales,ppd,,,"5,140",50,"5,009",48.7,129,1.3,,,,,,,,,,,,,,,,,"10,278"
1988,Cidra,pnp,,,"8,319",46.3,"8,930",49.7,726,4,,,,,,,,,,,,,,,,,"17,975"
1988,Coamo,ppd,,,"10,315",55.4,"8,017",43,300,1.6,,,,,,,,,,,,,,,,,"18,632"
1988,Comerío,ppd,,,"5,945",52.5,"5,097",45,275,2.4,,,,,,,,,,,,,,,,,"11,317"
1988,Corozal,pnp,,,"8,629",45.7,"9,962",52.8,287,1.5,,,,,,,,,,,,,,,,,"18,878"
1988,Culebra,ppd,,,563,67.6,172,20.6,36,4.3,,,,,,,62,7.4,,,,,,,,,833
1988,Dorado,ppd,,,"7,983",51.4,"7,146",46,403,2.6,,,,,,,,,,,,,,,,,"15,532"
1988,Fajardo,pnp,,,"8,200",45.3,"9,429",52.1,465,2.6,,,,,,,,,,,,,,,,,"18,094"
1988,Florida,ppd,,,"2,486",51.2,"2,216",45.7,152,3.1,,,,,,,,,,,,,,,,,"4,854"
1988,Guánica,ppd,,,"5,436",54.6,"4,179",42,337,3.4,,,,,,,,,,,,,,,,,"9,952"
1988,Guayama,ppd,,,"11,106",55.9,"8,111",40.9,634,3.2,,,,,,,,,,,,,,,,,"19,851"
1988,Guayanilla,pnp,,,"4,580",40.9,"5,108",45.6,331,3,,,,,,,,,"1,173",10.5,,,,,,,"11,192"
1988,Guaynabo,pnp,,,"17,783",39.6,"25,794",57.4,"1,359",3,,,,,,,,,,,,,,,,,"44,936"
1988,Gurabo,ppd,,,"7,310",49.5,"7,119",48.2,332,2.2,,,,,,,,,,,,,,,,,"14,761"
1988,Hatillo,ppd,,,"8,936",49.9,"8,632",48.2,353,2,,,,,,,,,,,,,,,,,"17,921"
1988,Hormigueros,ppd,,,"5,156",62.4,"2,755",33.3,358,4.3,,,,,,,,,,,,,,,,,"8,269"
1988,Humacao,ppd,,,"15,448",58.7,"10,071",38.3,785,3,,,,,,,,,,,,,,,,,"26,304"
1988,Isabela,pnp,,,"10,450",48.8,"10,502",49.1,448,2.1,,,,,,,,,,,,,,,,,"21,400"
1988,Jayuya,ppd,,,"4,417",49.9,"4,317",48.7,124,1.4,,,,,,,,,,,,,,,,,"8,858"
1988,Juana Díaz,ppd,,,"11,265",50.7,"10,643",47.9,326,1.5,,,,,,,,,,,,,,,,,"22,234"
1988,Juncos,ppd,,,"8,002",50,"7,727",48.3,276,1.7,,,,,,,,,,,,,,,,,"16,005"
1988,Lajas,ppd,,,"7,152",58.6,"4,515",37,547,4.5,,,,,,,,,,,,,,,,,"12,214"
1988,Lares,pnp,,,"7,017",45.3,"8,004",51.7,460,3,,,,,,,,,,,,,,,,,"15,481"
1988,Las Marías,ppd,,,"2,681",54,"2,107",42.4,179,3.6,,,,,,,,,,,,,,,,,"4,967"
1988,Las Piedras,pnp,,,"7,659",49.1,"7,721",49.5,219,1.4,,,,,,,,,,,,,,,,,"15,599"
1988,Loíza,pnp,,,"5,786",45.1,"6,751",52.6,298,2.3,,,,,,,,,,,,,,,,,"12,835"
1988,Luquillo,pnp,,,"4,291",44.6,"5,071",52.7,253,2.6,,,,,,,,,,,,,,,,,"9,615"
1988,Manatí,pnp,,,"10,239",44.6,"12,303",53.6,408,1.8,,,,,,,,,,,,,,,,,"22,950"
1988,Maricao,ppd,,,"1,997",54.7,"1,641",44.9,16,0.4,,,,,,,,,,,,,,,,,"3,654"
1988,Maunabo,pnp,,,"2,968",42.1,"3,798",53.9,282,4,,,,,,,,,,,,,,,,,"7,048"
1988,Mayagüez,ppd,,,"25,135",51.1,"22,037",44.8,"1,987",4,,,,,,,,,,,,,,,,,"49,159"
1988,Moca,pnp,,,"7,544",44.1,"9,290",54.3,287,1.7,,,,,,,,,,,,,,,,,"17,121"
1988,Morovis,ppd,,,"6,800",50.2,"6,250",46.2,483,3.6,,,,,,,,,,,,,,,,,"13,533"
1988,Naguabo,pnp,,,"5,142",42,"6,944",56.7,167,1.4,,,,,,,,,,,,,,,,,"12,253"
1988,Naranjito,ppd,,,"7,767",50.9,"6,766",44.4,719,4.7,,,,,,,,,,,,,,,,,"15,252"
1988,Orocovis,pnp,,,"5,863",47.1,"6,438",51.7,142,1.1,,,,,,,,,,,,,,,,,"12,443"
1988,Patillas,pnp,,,"4,965",45.9,"5,510",50.9,349,3.2,,,,,,,,,,,,,,,,,"10,824"
1988,Peñuelas,ppd,,,"5,294",47.3,"5,286",47.2,623,5.6,,,,,,,,,,,,,,,,,"11,203"
1988,Ponce,ppd,,,"42,602",49.2,"41,074",47.5,"2,873",3.3,,,,,,,,,,,,,,,,,"86,549"
1988,Quebradillas,ppd,,,"5,682",49.1,"5,590",48.3,302,2.6,,,,,,,,,,,,,,,,,"11,574"
1988,Rincón,ppd,,,"3,900",53.5,"3,311",45.4,82,1.1,,,,,,,,,,,,,,,,,"7,293"
1988,Río Grande,ppd,,,"10,588",51.4,"9,523",46.2,494,2.4,,,,,,,,,,,,,,,,,"20,605"
1988,Sabana Grande,ppd,,,"6,825",56.8,"2,159",18,216,1.8,,,,,,,,,"2,823",23.5,,,,,,,"12,023"
1988,Salinas,pnp,,,"6,874",49.1,"6,905",49.3,218,1.6,,,,,,,,,,,,,,,,,"13,997"
1988,San Germán,ppd,,,"11,834",65.2,"5,627",31,683,3.8,,,,,,,,,,,,,,,,,"18,144"
1988,San Juan,ppd,,,"100,557",48,"100,508",48,"8,336",4,,,,,,,,,,,,,,,,,"209,401"
1988,San Lorenzo,pnp,,,"9,692",47.5,"10,228",50.2,465,2.3,,,,,,,,,,,,,,,,,"20,385"
1988,San Sebastián,ppd,,,"12,414",59.9,"7,483",36.1,838,4,,,,,,,,,,,,,,,,,"20,735"
1988,Santa Isabel,ppd,,,"5,867",58.7,"3,854",38.6,269,2.7,,,,,,,,,,,,,,,,,"9,990"
1988,Toa Alta,pnp,,,"8,356",43.8,"10,201",53.4,538,2.8,,,,,,,,,,,,,,,,,"19,095"
1988,Toa Baja,pnp,,,"19,495",47.6,"19,688",48.1,"1,732",4.2,,,,,,,,,,,,,,,,,"40,915"
1988,Trujillo Alto,ppd,,,"15,648",56.1,"11,108",39.8,"1,120",4,,,,,,,,,,,,,,,,,"27,876"
1988,Utuado,ppd,,,"9,950",49.8,"9,764",48.8,274,1.4,,,,,,,,,,,,,,,,,"19,988"
1988,Vega Alta,ppd,,,"8,247",48.8,"8,069",47.7,594,3.5,,,,,,,,,,,,,,,,,"16,910"
1988,Vega Baja,ppd,,,"14,337",51.4,"12,754",45.7,809,2.9,,,,,,,,,,,,,,,,,"27,900"
1988,Vieques,pnp,,,"2,283",43.1,"2,887",54.5,125,2.4,,,,,,,,,,,,,,,,,"5,295"
1988,Villalba,pnp,,,"6,015",47.7,"6,503",51.5,97,0.8,,,,,,,,,,,,,,,,,"12,615"
1988,Yabucoa,ppd,,,"9,700",49.8,"9,436",48.5,323,1.7,,,,,,,,,,,,,,,,,"19,459"
1988,Yauco,ppd,,,"12,323",57.5,"8,410",39.2,710,3.3,,,,,,,,,,,,,,,,,"21,443"
1984,Adjuntas,ppd,,,"5,392",49.8,"4,916",45.4,186,1.7,,,,,,,328,3,,,,,,,,,"10,822"
1984,Aguada,pnp,,,"7,889",44.7,"9,246",52.4,365,2.1,,,,,,,159,0.9,,,,,,,,,"17,659"
1984,Aguadilla,ppd,,,"13,731",48.4,"13,555",47.8,596,2.1,,,,,,,479,1.7,,,,,,,,,"28,361"
1984,Aguas Buenas,ppd,,,"6,329",48.3,"6,162",47,504,3.8,,,,,,,119,0.9,,,,,,,,,"13,114"
1984,Aibonito,ppd,,,"7,331",58.8,"4,558",36.5,426,3.4,,,,,,,160,1.3,,,,,,,,,"12,475"
1984,Añasco,ppd,,,"6,451",49,"6,419",48.8,211,1.6,,,,,,,72,0.5,,,,,,,,,"13,153"
1984,Arecibo,ppd,,,"25,476",50.7,"23,451",46.7,995,2,,,,,,,328,0.7,,,,,,,,,"50,250"
1984,Arroyo,pnp,,,"4,682",46.2,"4,965",49,343,3.4,,,,,,,141,1.4,,,,,,,,,"10,131"
1984,Barceloneta,ppd,,,"5,962",51.2,"5,457",46.8,137,1.2,,,,,,,94,0.8,,,,,,,,,"11,650"
1984,Barranquitas,ppd,,,"6,493",49.2,"6,179",46.8,496,3.8,,,,,,,40,0.3,,,,,,,,,"13,208"
1984,Bayamón,pnp,,,"44,632",41.5,"58,773",54.6,"3,628",3.4,,,,,,,582,0.5,,,,,,,,,"107,615"
1984,Cabo Rojo,ppd,,,"9,707",49.9,"7,655",39.4,"1,042",5.4,,,,,,,"1,049",5.4,,,,,,,,,"19,453"
1984,Caguas,ppd,,,"32,687",51.5,"27,874",44,"2,345",3.7,,,,,,,506,0.8,,,,,,,,,"63,412"
1984,Camuy,ppd,,,"7,626",49.9,"7,207",47.1,279,1.8,,,,,,,178,1.2,,,,,,,,,"15,290"
1984,Canóvanas,ppd,,,"8,978",53.6,"6,979",41.6,560,3.3,,,,,,,246,1.5,,,,,,,,,"16,763"
1984,Carolina,ppd,,,"38,271",47.6,"36,578",45.5,"3,488",4.3,,,,,,,"2,101",2.6,,,,,,,,,"80,438"
1984,Cataño,pnp,,,"5,373",38.7,"7,028",50.6,522,3.8,,,,,,,964,6.9,,,,,,,,,"13,887"
1984,Cayey,ppd,,,"12,020",54.9,"7,966",36.4,"1,146",5.2,,,,,,,775,3.5,,,,,,,,,"21,907"
1984,Ceiba,ppd,,,"3,337",52.6,"2,878",45.4,59,0.9,,,,,,,68,1.1,,,,,,,,,"6,342"
1984,Ciales,pnp,,,"4,803",48.5,"4,815",48.6,175,1.8,,,,,,,112,1.1,,,,,,,,,"9,905"
1984,Cidra,ppd,,,"8,006",47.8,"7,625",45.5,828,4.9,,,,,,,301,1.8,,,,,,,,,"16,760"
1984,Coamo,ppd,,,"9,200",50.7,"8,380",46.2,266,1.5,,,,,,,306,1.7,,,,,,,,,"18,152"
1984,Comerío,ppd,,,"6,230",56.7,"4,370",39.7,307,2.8,,,,,,,89,0.8,,,,,,,,,"10,996"
1984,Corozal,pnp,,,"7,987",45.1,"9,258",52.3,380,2.1,,,,,,,80,0.5,,,,,,,,,"17,705"
1984,Culebra,ppd,,,522,63.3,269,32.6,33,4,,,,,,,1,0.1,,,,,,,,,825
1984,Dorado,ppd,,,"9,390",64.9,"4,450",30.7,511,3.5,,,,,,,124,0.9,,,,,,,,,"14,475"
1984,Fajardo,ppd,,,"8,084",48.1,"7,585",45.1,365,2.2,,,,,,,625,3.7,154,0.9,,,,,,,"16,813"
1984,Florida,ppd,,,"2,150",46.8,"1,964",42.8,394,8.6,,,,,,,82,1.8,,,,,,,,,"4,590"
1984,Guánica,ppd,,,"4,488",45.8,"4,425",45.2,398,4.1,,,,,,,484,4.9,,,,,,,,,"9,795"
1984,Guayama,ppd,,,"10,318",52.9,"8,484",43.5,495,2.5,,,,,,,222,1.1,,,,,,,,,"19,519"
1984,Guayanilla,ppd,,,"5,172",47.2,"5,149",47,537,4.9,,,,,,,108,1,,,,,,,,,"10,966"
1984,Guaynabo,pnp,,,"16,602",38.7,"24,156",56.3,"1,618",3.8,,,,,,,522,1.2,,,,,,,,,"42,898"
1984,Gurabo,ppd,,,"6,778",49.8,"6,454",47.4,252,1.8,,,,,,,139,1,,,,,,,,,"13,623"
1984,Hatillo,pnp,,,"8,660",51.8,"7,753",46.4,228,1.4,,,,,,,69,0.4,,,,,,,,,"16,710"
1984,Hormigueros,ppd,,,"5,081",62.4,"2,680",32.9,279,3.4,,,,,,,102,1.3,,,,,,,,,"8,142"
1984,Humacao,ppd,,,"15,008",57.6,"10,196",39.1,621,2.4,,,,,,,238,0.9,,,,,,,,,"26,063"
1984,Isabela,ppd,,,"10,215",50.6,"9,339",46.2,497,2.5,,,,,,,149,0.7,,,,,,,,,"20,200"
1984,Jayuya,ppd,,,"4,227",49.8,"3,995",47.1,190,2.2,,,,,,,73,0.9,,,,,,,,,"8,485"
1984,Juana Díaz,ppd,,,"11,476",52.9,"9,622",44.4,336,1.5,,,,,,,259,1.2,,,,,,,,,"21,693"
1984,Juncos,pnp,,,"7,513",47.7,"7,909",50.2,229,1.5,,,,,,,116,0.7,,,,,,,,,"15,767"
1984,Lajas,ppd,,,"7,376",61.8,"4,228",35.4,177,1.5,,,,,,,149,1.2,,,,,,,,,"11,930"
1984,Lares,pnp,,,"7,742",51.3,"6,850",45.4,454,3,,,,,,,40,0.3,,,,,,,,,"15,086"
1984,Las Marías,pnp,,,"2,804",57.7,"1,884",38.8,131,2.7,,,,,,,38,0.8,,,,,,,,,"4,857"
1984,Las Piedras,pnp,,,"7,064",50.3,"6,626",47.2,175,1.2,,,,,,,169,1.2,,,,,,,,,"14,034"
1984,Loíza,ppd,,,"4,329",38.3,"6,618",58.6,247,2.2,,,,,,,104,0.9,,,,,,,,,"11,298"
1984,Luquillo,pnp,,,"4,601",51.1,"4,135",46,164,1.8,,,,,,,98,1.1,,,,,,,,,"8,998"
1984,Manatí,pnp,,,"10,049",45.3,"11,692",52.7,345,1.6,,,,,,,111,0.5,,,,,,,,,"22,197"
1984,Maricao,ppd,,,"1,968",55.7,"1,492",42.2,40,1.1,,,,,,,34,1,,,,,,,,,"3,534"
1984,Maunabo,ppd,,,"3,222",48.1,"3,128",46.7,293,4.4,,,,,,,53,0.8,,,,,,,,,"6,696"
1984,Mayagüez,pnp,,,"27,742",55.1,"20,688",41.1,"1,506",3,,,,,,,415,0.8,,,,,,,,,"50,351"
1984,Moca,ppd,,,"7,991",49.3,"7,872",48.5,227,1.4,,,,,,,134,0.8,,,,,,,,,"16,224"
1984,Morovis,ppd,,,"6,602",51.5,"5,730",44.7,384,3,,,,,,,99,0.8,,,,,,,,,"12,815"
1984,Naguabo,ppd,,,"5,769",49.5,"4,815",41.4,111,1,,,,,,,948,8.1,,,,,,,,,"11,643"
1984,Naranjito,ppd,,,"8,348",57.8,"5,522",38.2,513,3.6,,,,,,,60,0.4,,,,,,,,,"14,443"
1984,Orocovis,pnp,,,"5,657",46.6,"6,279",51.7,152,1.3,,,,,,,54,0.4,,,,,,,,,"12,142"
1984,Patillas,ppd,,,"5,506",53.4,"4,353",42.2,332,3.2,,,,,,,112,1.1,,,,,,,,,"10,303"
1984,Peñuelas,pnp,,,"6,100",56.9,"3,694",34.4,774,7.2,,,,,,,156,1.5,,,,,,,,,"10,724"
1984,Ponce,pnp,,,"38,146",45,"38,378",45.3,"4,752",5.6,,,,,,,"3,466",4.1,,,,,,,,,"84,742"
1984,Quebradillas,ppd,,,"5,767",52.4,"4,801",43.6,296,2.7,,,,,,,148,1.3,,,,,,,,,"11,012"
1984,Rincón,ppd,,,"4,168",60.6,"2,476",36,102,1.5,,,,,,,129,1.9,,,,,,,,,"6,875"
1984,Río Grande,pnp,,,"8,787",46.9,"9,073",48.4,609,3.2,,,,,,,275,1.5,,,,,,,,,"18,744"
1984,Sabana Grande,ppd,,,"7,461",64.3,"3,725",32.1,264,2.3,,,,,,,153,1.3,,,,,,,,,"11,603"
1984,Salinas,ppd,,,"8,587",62.2,"4,538",32.9,355,2.6,,,,,,,285,2.1,31,0.2,,,,,,,"13,796"
1984,San Germán,ppd,,,"10,231",56.4,"6,541",36.1,422,2.3,,,,,,,229,1.3,706,3.9,,,,,,,"18,129"
1984,San Juan,pnp,,,"96,857",44.5,"105,118",48.3,"8,304",3.8,,,,,,,"7,152",3.3,,,,,,,,,"217,431"
1984,San Lorenzo,ppd,,,"8,942",46.7,"9,530",49.8,404,2.1,,,,,,,256,1.3,,,,,,,,,"19,132"
1984,San Sebastián,ppd,,,"9,928",50.5,"8,569",43.6,"1,003",5.1,,,,,,,141,0.7,,,,,,,,,"19,641"
1984,Santa Isabel,ppd,,,"5,368",53.6,"4,271",42.6,285,2.8,,,,,,,92,0.9,,,,,,,,,"10,016"
1984,Toa Alta,ppd,,,"8,735",52.6,"7,185",43.3,513,3.1,,,,,,,173,1,,,,,,,,,"16,606"
1984,Toa Baja,pnp,,,"17,746",46.3,"17,913",46.8,"1,849",4.8,,,,,,,796,2.1,,,,,,,,,"38,304"
1984,Trujillo Alto,ppd,,,"13,907",54,"10,592",41.1,869,3.4,,,,,,,376,1.5,,,,,,,,,"25,744"
1984,Utuado,pnp,,,"9,251",48.3,"9,464",49.4,293,1.5,,,,,,,143,0.7,,,,,,,,,"19,151"
1984,Vega Alta,ppd,,,"8,898",55.4,"6,548",40.7,488,3,,,,,,,139,0.9,,,,,,,,,"16,073"
1984,Vega Baja,ppd,,,"13,540",51,"11,665",43.9,776,2.9,,,,,,,566,2.1,,,,,,,,,"26,547"
1984,Vieques,pnp,,,"2,098",43.5,"2,590",53.7,123,2.6,,,,,,,11,0.2,,,,,,,,,"4,822"
1984,Villalba,pnp,,,"5,483",46.8,"6,008",51.3,128,1.1,,,,,,,97,0.8,,,,,,,,,"11,716"
1984,Yabucoa,ppd,,,"10,220",54.7,"8,045",43.1,333,1.8,,,,,,,80,0.4,,,,,,,,,"18,678"
1984,Yauco,ppd,,,"12,036",56.1,"8,672",40.4,552,2.6,,,,,,,180,0.8,,,,,,,,,"21,440"
1980,Adjuntas,ppd,,,"5,191",50.1,"4,998",48.3,160,1.5,,,,,6,0.1,,,,,,,,,,,"10,355"
1980,Aguada,pnp,,,"7,374",47.2,"7,682",49.2,445,2.9,,,,,110,0.7,,,,,,,,,,,"15,611"
1980,Aguadilla,ppd,,,"12,985",48.4,"12,798",47.7,933,3.5,,,,,105,0.4,,,,,,,,,,,"26,821"
1980,Aguas Buenas,ppd,,,"5,458",47.2,"5,453",47.2,628,5.4,,,,,26,0.2,,,,,,,,,,,"11,565"
1980,Aibonito,ppd,,,"4,405",40,"4,011",36.5,299,2.7,,,,,28,0.3,5,0,"2,253",20.5,,,,,,,"11,001"
1980,Añasco,ppd,,,"6,223",50.5,"5,801",47.1,289,2.3,,,,,6,0,,,,,,,,,,,"12,319"
1980,Arecibo,pnp,,,"22,335",47.9,"22,678",48.7,"1,586",3.4,,,,,,,,,,,,,,,,,"46,599"
1980,Arroyo,pnp,,,"4,095",45.7,"4,383",48.9,479,5.3,,,,,3,0,,,,,,,,,,,"8,960"
1980,Barceloneta,pnp,,,"5,270",48.7,"5,379",49.7,163,1.5,,,,,18,0.2,,,,,,,,,,,"10,830"
1980,Barranquitas,pnp,,,"5,897",48.4,"5,889",48.4,335,2.8,,,,,51,0.4,,,,,,,,,,,"12,172"
1980,Bayamón,pnp,,,"41,697",41.3,"52,884",52.4,"6,135",6.1,,,,,284,0.3,,,,,,,,,,,"101,000"
1980,Cabo Rojo,ppd,,,"7,679",42.6,"6,546",36.3,"3,786",21,,,,,,,,,,,,,,,,,"18,011"
1980,Caguas,ppd,,,"27,994",47.3,"27,881",47.1,"3,186",5.4,,,,,168,0.3,,,,,,,,,,,"59,229"
1980,Camuy,ppd,,,"6,992",50.3,"6,640",47.7,281,2,,,,,,,,,,,,,,,,,"13,913"
1980,Canóvanas,ppd,,,"8,009",53.3,"6,373",42.4,623,4.1,,,,,13,0.1,,,,,,,,,,,"15,018"
1980,Carolina,pnp,,,"30,577",41.9,"36,290",49.8,"5,878",8.1,,,,,192,0.3,,,,,,,,,,,"72,937"
1980,Cataño,pnp,,,"4,758",38.7,"6,844",55.6,674,5.5,,,,,33,0.3,,,,,,,,,,,"12,309"
1980,Cayey,pnp,,,"10,926",52,"9,135",43.4,861,4.1,,,,,107,0.5,,,,,,,,,,,"21,029"
1980,Ceiba,pnp,,,"2,716",48.1,"2,783",49.3,129,2.3,,,,,18,0.3,,,,,,,,,,,"5,646"
1980,Ciales,pnp,,,"4,189",48,"4,306",49.3,226,2.6,,,,,11,0.1,,,,,,,,,,,"8,732"
1980,Cidra,pnp,,,"6,858",46.3,"6,974",47.1,966,6.5,,,,,17,0.1,,,,,,,,,,,"14,815"
1980,Coamo,ppd,,,"8,652",51.1,"7,979",47.2,267,1.6,,,,,21,0.1,,,,,,,,,,,"16,919"
1980,Comerío,ppd,,,"5,196",51.6,"4,465",44.4,351,3.5,,,,,50,0.5,,,,,,,,,,,"10,062"
1980,Corozal,pnp,,,"7,391",47,"7,784",49.5,544,3.5,,,,,,,,,,,,,,,,,"15,719"
1980,Culebra,ppd,,,370,51.7,252,35.2,93,13,,,,,,,,,,,,,,,,,715
1980,Dorado,ppd,,,"7,543",58.9,"4,732",37,489,3.8,,,,,37,0.3,,,,,,,,,,,"12,801"
1980,Fajardo,pnp,,,"7,391",47.9,"7,442",48.2,564,3.7,,,,,27,0.2,,,,,,,,,,,"15,424"
1980,Florida,pnp,,,"1,800",45.4,"2,043",51.6,118,3,,,,,,,,,,,,,,,,,"3,961"
1980,Guánica,ppd,,,"4,759",50.6,"4,123",43.8,497,5.3,,,,,33,0.4,,,,,,,,,,,"9,412"
1980,Guayama,ppd,,,"9,062",48.8,"8,684",46.8,767,4.1,,,,,51,0.3,,,,,,,,,,,"18,564"
1980,Guayanilla,ppd,,,"5,169",48.7,"4,410",41.6,940,8.9,,,,,93,0.9,,,,,,,,,,,"10,612"
1980,Guaynabo,pnp,,,"16,881",41.9,"21,105",52.4,"2,153",5.3,,,,,109,0.3,,,,,,,,,,,"40,248"
1980,Gurabo,ppd,,,"6,164",49,"5,968",47.4,221,1.8,,,,,24,0.2,203,1.6,,,,,,,,,"12,580"
1980,Hatillo,ppd,,,"8,186",52.9,"6,924",44.8,310,2,,,,,41,0.3,,,,,,,,,,,"15,461"
1980,Hormigueros,ppd,,,"4,151",54.4,"3,159",41.4,306,4,,,,,18,0.2,,,,,,,,,,,"7,634"
1980,Humacao,ppd,,,"12,707",53,"10,326",43.1,860,3.6,,,,,85,0.4,,,,,,,,,,,"23,978"
1980,Isabela,ppd,,,"10,026",52.5,"8,337",43.7,629,3.3,,,,,96,0.5,,,,,,,,,,,"19,088"
1980,Jayuya,pnp,,,"3,603",46.3,"3,871",49.7,297,3.8,,,,,19,0.2,,,,,,,,,,,"7,790"
1980,Juana Díaz,pnp,,,"9,383",48.6,"9,365",48.5,554,2.9,,,,,17,0.1,,,,,,,,,,,"19,319"
1980,Juncos,pnp,,,"6,798",46.8,"7,326",50.4,393,2.7,,,,,22,0.2,,,,,,,,,,,"14,539"
1980,Lajas,ppd,,,"6,324",56.2,"4,667",41.5,245,2.2,,,,,7,0.1,,,,,,,,,,,"11,243"
1980,Lares,ppd,,,"7,065",49.8,"6,530",46,546,3.8,,,,,56,0.4,,,,,,,,,,,"14,197"
1980,Las Marías,ppd,,,"2,567",56.5,"1,800",39.6,176,3.9,,,,,,,,,,,,,,,,,"4,543"
1980,Las Piedras,pnp,,,"6,249",47.6,"6,612",50.3,243,1.8,,,,,37,0.3,,,,,,,,,,,"13,141"
1980,Loíza,pnp,,,"2,870",33.7,"5,419",63.5,232,2.7,,,,,7,0.1,,,,,,,,,,,"8,528"
1980,Luquillo,pnp,,,"3,776",48.5,"3,824",49.2,164,2.1,,,,,14,0.2,,,,,,,,,,,"7,778"
1980,Manatí,pnp,,,"8,633",43.8,"10,442",53,598,3,,,,,45,0.2,,,,,,,,,,,"19,718"
1980,Maricao,ppd,,,"1,770",51.3,"1,627",47.2,53,1.5,,,,,0,0,,,,,,,,,,,"3,450"
1980,Maunabo,ppd,,,"3,218",48.9,"3,011",45.8,336,5.1,,,,,10,0.2,,,,,,,,,,,"6,575"
1980,Mayagüez,ppd,,,"26,242",53.6,"20,622",42.1,"1,921",3.9,,,,,146,0.3,,,,,,,,,,,"48,931"
1980,Moca,pnp,,,"7,177",48.4,"7,304",49.3,319,2.2,,,,,25,0.2,,,,,,,,,,,"14,825"
1980,Morovis,ppd,,,"6,130",52.1,"5,431",46.1,172,1.5,,,,,42,0.4,,,,,,,,,,,"11,775"
1980,Naguabo,ppd,,,"5,658",50.4,"5,401",48.1,164,1.5,,,,,11,0.1,,,,,,,,,,,"11,234"
1980,Naranjito,ppd,,,"7,895",59.9,"4,761",36.1,483,3.7,,,,,36,0.3,,,,,,,,,,,"13,175"
1980,Orocovis,pnp,,,"5,197",46.7,"5,666",51,139,1.3,,,,,115,1,,,,,,,,,,,"11,117"
1980,Patillas,ppd,,,"4,971",49,"4,797",47.3,351,3.5,,,,,23,0.2,,,,,,,,,,,"10,142"
1980,Peñuelas,ppd,,,"5,023",52.6,"3,867",40.5,621,6.5,,,,,36,0.4,,,,,,,,,,,"9,547"
1980,Ponce,pnp,,,"31,368",38.3,"40,852",49.9,"9,546",11.7,,,,,162,0.2,,,,,,,,,,,"81,928"
1980,Quebradillas,ppd,,,"5,197",50,"4,829",46.5,319,3.1,,,,,51,0.5,,,,,,,,,,,"10,396"
1980,Rincón,ppd,,,"3,751",57.3,"2,664",40.7,126,1.9,,,,,3,0,,,,,,,,,,,"6,544"
1980,Río Grande,pnp,,,"7,392",45.3,"8,285",50.7,622,3.8,,,,,36,0.2,,,,,,,,,,,"16,335"
1980,Sabana Grande,ppd,,,"7,194",65.1,"3,500",31.7,347,3.1,,,,,12,0.1,,,,,,,,,,,"11,053"
1980,Salinas,ppd,,,"6,920",54.6,"5,206",41,410,3.2,,,,,16,0.1,132,1,,,,,,,,,"12,684"
1980,San Germán,ppd,,,"9,346",53.8,"7,424",42.7,565,3.3,,,,,47,0.3,,,,,,,,,,,"17,382"
1980,San Juan,pnp,,,"86,346",39.2,"117,797",53.5,"14,767",6.7,,,,,"1,259",0.6,,,,,,,,,,,"220,169"
1980,San Lorenzo,ppd,,,"8,623",49.3,"8,518",48.7,336,1.9,,,,,,,,,,,,,,,,,"17,477"
1980,San Sebastián,ppd,,,"9,575",49.9,"8,259",43,"1,297",6.8,,,,,75,0.4,,,,,,,,,,,"19,206"
1980,Santa Isabel,ppd,,,"5,017",53.6,"3,989",42.6,333,3.6,,,,,24,0.3,,,,,,,,,,,"9,363"
1980,Toa Alta,ppd,,,"7,137",51.1,"6,354",45.5,447,3.2,,,,,31,0.2,,,,,,,,,,,"13,969"
1980,Toa Baja,pnp,,,"15,504",45.8,"15,985",47.2,"2,213",6.5,,,,,135,0.4,,,,,,,,,,,"33,837"
1980,Trujillo Alto,ppd,,,"10,275",46.5,"10,247",46.4,"1,475",6.7,,,,,85,0.4,,,,,,,,,,,"22,082"
1980,Utuado,pnp,,,"8,920",48.2,"8,968",48.5,525,2.8,,,,,88,0.5,8,0,,,,,,,,,"18,509"
1980,Vega Alta,ppd,,,"7,283",50.6,"6,502",45.1,528,3.7,,,,,89,0.6,,,,,,,,,,,"14,402"
1980,Vega Baja,ppd,,,"11,906",50.8,"10,688",45.6,828,3.5,,,,,30,0.1,,,,,,,,,,,"23,452"
1980,Vieques,ppd,,,"2,530",56.9,"1,781",40,101,2.3,,,,,38,0.9,,,,,,,,,,,"4,450"
1980,Villalba,pnp,,,"4,831",48.7,"4,922",49.6,166,1.7,,,,,7,0.1,,,,,,,,,,,"9,926"
1980,Yabucoa,ppd,,,"8,714",49.4,"8,315",47.1,551,3.1,,,,,64,0.4,,,,,,,,,,,"17,644"
1980,Yauco,ppd,,,"9,677",50,"8,749",45.2,793,4.1,,,,,126,0.7,,,,,,,,,,,"19,345"
1976,Adjuntas,ppd,,,"4,416",48.5,"4,496",49.4,163,1.8,,,,,22,0.2,,,,,,,,,,,"9,097"
1976,Aguada,pnp,,,"5,802",44.3,"6,781",51.8,372,2.8,,,,,147,1.1,,,,,,,,,,,"13,102"
1976,Aguadilla,pnp,,,"10,665",44,"12,586",52,799,3.3,,,,,167,0.7,,,,,,,,,,,"24,217"
1976,Aguas Buenas,ppd,,,"4,796",48,"4,492",45,653,6.5,,,,,52,0.5,,,,,,,,,,,"9,993"
1976,Aibonito,ppd,,,"4,583",57.7,"2,986",37.6,324,4.1,,,,,52,0.7,,,,,,,,,,,"7,945"
1976,Añasco,ppd,,,"5,471",50.3,"5,209",47.9,180,1.7,,,,,9,0.1,,,,,,,,,,,"10,869"
1976,Arecibo,pnp,,,"19,810",45.8,"21,622",50,"1,582",3.7,,,,,260,0.6,,,,,,,,,,,"43,274"
1976,Arroyo,pnp,,,"3,107",42.6,"3,472",47.7,687,9.4,,,,,19,0.3,,,,,,,,,,,"7,285"
1976,Barceloneta,pnp,,,"4,438",46.6,"4,841",50.8,151,1.6,,,,,100,1,,,,,,,,,,,"9,530"
1976,Barranquitas,pnp,,,"4,562",45.1,"5,136",50.8,356,3.5,,,,,64,0.6,,,,,,,,,,,"10,118"
1976,Bayamón,pnp,,,"38,951",42,"47,758",51.5,"5,461",5.9,,,,,641,0.7,,,,,,,,,,,"92,811"
1976,Cabo Rojo,ppd,,,"7,171",45.6,"4,802",30.5,"3,665",23.3,,,,,88,0.6,,,,,,,,,,,"15,726"
1976,Caguas,pnp,,,"24,852",46.3,"25,819",48,"2,564",4.8,,,,,499,0.9,,,,,,,,,,,"53,734"
1976,Camuy,ppd,,,"5,797",48.8,"5,722",48.2,245,2.1,,,,,103,0.9,,,,,,,,,,,"11,867"
1976,Canóvanas,ppd,,,"7,178",53.2,"5,536",41.1,769,5.7,,,,,,,,,,,,,,,,,"13,483"
1976,Carolina,ppd,,,"27,817",41,"35,470",52.3,"4,034",6,,,,,456,0.7,,,,,,,,,,,"67,777"
1976,Cataño,pnp,,,"4,178",36.6,"6,547",57.4,619,5.4,,,,,65,0.6,,,,,,,,,,,"11,409"
1976,Cayey,ppd,,,"9,543",53,"7,586",42.2,702,3.9,,,,,159,0.9,,,,,,,,,,,"17,990"
1976,Ceiba,pnp,,,"2,221",46.2,"2,462",51.2,99,2.1,,,,,26,0.5,1,0,,,,,,,,,"4,809"
1976,Ciales,pnp,,,"3,751",45.6,"4,343",52.8,93,1.1,,,,,46,0.6,,,,,,,,,,,"8,233"
1976,Cidra,ppd,,,"5,824",47.4,"5,659",46.1,749,6.1,,,,,44,0.4,,,,,,,,,,,"12,276"
1976,Coamo,pnp,,,"6,573",46.3,"7,335",51.7,255,1.8,,,,,26,0.2,,,,,,,,,,,"14,189"
1976,Comerío,ppd,,,"4,591",52.6,"3,678",42.1,395,4.5,,,,,71,0.8,,,,,,,,,,,"8,735"
1976,Corozal,pnp,,,"6,493",47,"6,915",50,395,2.9,,,,,18,0.1,,,,,,,,,,,"13,821"
1976,Culebra,ppd,,,296,52.6,167,29.7,99,17.6,,,,,,,,,,,,,,,1,0.2,563
1976,Dorado,ppd,,,"5,772",57.3,"3,700",36.8,526,5.2,,,,,68,0.7,,,,,,,,,,,"10,066"
1976,Fajardo,pnp,,,"6,306",44.7,"7,165",50.8,555,3.9,,,,,88,0.6,,,,,,,,,,,"14,114"
1976,Florida,ppd,,,"1,623",48.9,"1,572",47.4,116,3.5,,,,,7,0.2,,,,,,,,,,,"3,318"
1976,Guánica,ppd,,,"4,191",48.8,"4,007",46.7,326,3.8,,,,,58,0.7,,,,,,,,,,,"8,582"
1976,Guayama,ppd,,,"8,472",49.8,"7,620",44.8,782,4.6,,,,,129,0.8,,,,,,,,,,,"17,003"
1976,Guayanilla,ppd,,,"4,667",48,"4,386",45.1,570,5.9,,,,,92,0.9,,,,,,,,,,,"9,715"
1976,Guaynabo,pnp,,,"14,227",39.3,"20,001",55.3,"1,755",4.8,,,,,206,0.6,,,,,,,,,,,"36,189"
1976,Gurabo,ppd,,,"5,532",51.6,"4,851",45.2,259,2.4,,,,,85,0.8,,,,,,,,,,,"10,727"
1976,Hatillo,ppd,,,"7,002",53.1,"5,804",44,305,2.3,,,,,71,0.5,,,,,,,,,,,"13,182"
1976,Hormigueros,ppd,,,"3,647",53.9,"2,801",41.4,305,4.5,,,,,17,0.3,,,,,,,,,,,"6,770"
1976,Humacao,ppd,,,"8,784",50.3,"7,989",45.8,544,3.1,,,,,137,0.8,,,,,,,,,,,"17,454"
1976,Isabela,ppd,,,"8,436",51.4,"7,069",43.1,729,4.4,,,,,178,1.1,,,,,,,,,,,"16,412"
1976,Jayuya,pnp,,,"3,134",43.9,"3,700",51.9,260,3.6,,,,,41,0.6,,,,,,,,,,,"7,135"
1976,Juana Díaz,pnp,,,"7,378",44.6,"8,785",53.1,306,1.9,,,,,65,0.4,,,,,,,,,,,"16,534"
1976,Juncos,pnp,,,"5,628",47,"5,983",50,297,2.5,,,,,61,0.5,,,,,,,,,,,"11,969"
1976,Lajas,ppd,,,"5,113",52.2,"4,340",44.3,322,3.3,,,,,25,0.3,,,,,,,,,,,"9,800"
1976,Lares,ppd,,,"6,340",50.4,"5,614",44.7,537,4.3,,,,,82,0.7,,,,,,,,,,,"12,573"
1976,Las Marías,ppd,,,"2,369",58.3,"1,533",37.7,162,4,,,,,,,,,,,,,,,,,"4,064"
1976,Las Piedras,pnp,,,"5,022",44.4,"6,083",53.7,170,1.5,,,,,47,0.4,,,,,,,,,,,"11,322"
1976,Loíza,pnp,,,"2,389",33,"4,645",64.2,186,2.6,,,,,12,0.2,,,,,,,,,,,"7,232"
1976,Luquillo,pnp,,,"2,687",42.5,"3,453",54.7,117,1.9,,,,,35,0.6,25,0.4,,,,,,,,,"6,317"
1976,Manatí,pnp,,,"8,147",46.1,"8,849",50.1,573,3.2,,,,,88,0.5,,,,,,,,,,,"17,657"
1976,Maricao,ppd,,,"1,622",50.8,"1,527",47.8,45,1.4,,,,,,,,,,,,,,,,,"3,194"
1976,Maunabo,pnp,,,"2,426",43.9,"2,748",49.7,316,5.7,,,,,40,0.7,,,,,,,,,,,"5,530"
1976,Mayagüez,ppd,,,"21,476",48.2,"20,514",46,"2,341",5.2,,,,,261,0.6,,,,,,,,,,,"44,592"
1976,Moca,pnp,,,"5,683",45.4,"6,478",51.8,316,2.5,,,,,32,0.3,,,,,,,,,,,"12,509"
1976,Morovis,ppd,,,"5,312",52.5,"4,539",44.8,172,1.7,,,,,98,1,,,,,,,,,,,"10,121"
1976,Naguabo,ppd,,,"4,981",49.6,"4,903",48.8,131,1.3,,,,,34,0.3,,,,,,,,,,,"10,049"
1976,Naranjito,ppd,,,"6,722",58.5,"4,264",37.1,454,3.9,,,,,59,0.5,,,,,,,,,,,"11,499"
1976,Orocovis,ppd,,,"4,713",48.6,"4,700",48.5,191,2,,,,,90,0.9,,,,,,,,,,,"9,694"
1976,Patillas,pnp,,,"3,722",42.5,"4,675",53.4,295,3.4,,,,,57,0.7,,,,,,,,,,,"8,749"
1976,Peñuelas,ppd,,,"4,325",50.1,"3,715",43,500,5.8,,,,,91,1.1,,,,,,,,,,,"8,631"
1976,Ponce,pnp,,,"36,504",46.3,"39,094",49.6,"2,687",3.4,,,,,577,0.7,,,,,,,,,,,"78,862"
1976,Quebradillas,ppd,,,"4,627",52.3,"3,874",43.8,312,3.5,,,,,32,0.4,,,,,,,,,,,"8,845"
1976,Rincón,ppd,,,"3,085",55.7,"2,272",41,174,3.1,,,,,10,0.2,,,,,,,,,,,"5,541"
1976,Río Grande,pnp,,,"6,256",44.4,"7,187",51,576,4.1,,,,,84,0.6,,,,,,,,,,,"14,103"
1976,Sabana Grande,ppd,,,"6,208",62.8,"3,356",33.9,290,2.9,,,,,35,0.4,,,,,,,,,,,"9,889"
1976,Salinas,ppd,,,"6,612",58.8,"4,227",37.6,342,3,,,,,60,0.5,,,,,,,,,,,"11,241"
1976,San Germán,ppd,,,"7,239",48.1,"7,056",46.8,644,4.3,,,,,125,0.8,,,,,,,,,,,"15,064"
1976,San Juan,pnp,,,"89,268",40.1,"117,982",52.9,"12,768",5.7,,,,,"2,816",1.3,,,,,,,,,,,"222,834"
1976,San Lorenzo,ppd,,,"7,041",45.5,"8,012",51.8,377,2.4,,,,,40,0.3,,,,,,,,,,,"15,470"
1976,San Sebastián,ppd,,,"8,549",50.6,"7,183",42.5,"1,049",6.2,,,,,122,0.7,,,,,,,,,,,"16,903"
1976,Santa Isabel,pnp,,,"4,086",48.5,"4,093",48.6,189,2.2,,,,,50,0.6,,,,,,,,,,,"8,418"
1976,Toa Alta,pnp,,,"5,192",45.5,"5,712",50.1,419,3.7,,,,,79,0.7,,,,,,,,,,,"11,402"
1976,Toa Baja,pnp,,,"12,932",42.2,"15,508",50.6,"1,925",6.3,,,,,290,0.9,,,,,,,,,,,"30,655"
1976,Trujillo Alto,pnp,,,"8,534",42.1,"10,046",49.5,"1,472",7.3,,,,,232,1.1,,,,,,,,,,,"20,284"
1976,Utuado,pnp,,,"7,699",45.1,"8,677",50.8,569,3.3,,,,,143,0.8,,,,,,,,,,,"17,088"
1976,Vega Alta,pnp,,,"5,867",46.4,"6,141",48.6,498,3.9,,,,,142,1.1,,,,,,,,,,,"12,648"
1976,Vega Baja,ppd,,,"9,775",49.1,"9,175",46.1,846,4.3,,,,,108,0.5,,,,,,,,,,,"19,904"
1976,Vieques,pnp,,,"2,004",48.6,"2,010",48.7,86,2.1,,,,,25,0.6,,,,,,,,,,,"4,125"
1976,Villalba,pnp,,,"4,071",46.4,"4,595",52.3,101,1.2,,,,,13,0.1,,,,,,,,,,,"8,780"
1976,Yabucoa,ppd,,,"8,118",50.5,"7,562",47.1,273,1.7,,,,,118,0.7,,,,,,,,,,,"16,071"
1976,Yauco,pnp,,,"8,139",46.5,"8,236",47.1,971,5.5,,,,,157,0.9,,,,,,,,,,,"17,503"